open,high,low,close,volume
4039.69,4047.34,4035.965,4038.105,6193.0
4038.155,4038.735,4028.375,4029.59,4164.0
4029.69,4031.885,4023.32,4031.535,5561.0
4031.585,4041.005,4030.45,4033.325,5746.0
4033.385,4041.43,4032.91,4034.92,5848.0
4034.93,4041.085,4034.35,4040.175,4833.0
4040.14,4041.11,4035.46,4038.5,3869.0
4038.51,4046.53,4036.945,4037.12,3716.0
4037.13,4037.54,4030.465,4031.78,3579.0
4031.715,4035.395,4030.6,4032.39,3179.0
4032.505,4032.505,4023.09,4030.755,3177.0
4030.73,4041.68,4029.365,4039.11,2594.0
4039.165,4040.39,4035.08,4037.14,1800.0
4037.1,4045.7,4037.1,4043.65,1815.0
4043.645,4064.115,4037.665,4054.68,12006.0
4054.665,4062.845,4052.955,4058.175,8688.0
4058.16,4061.12,4050.46,4050.77,7029.0
4050.885,4059.005,4049.985,4050.455,5114.0
4050.46,4056.155,4045.045,4055.465,4670.0
4055.405,4064.12,4054.885,4059.27,4141.0
4059.08,4059.11,4045.965,4046.75,4227.0
4046.67,4055.515,4044.02,4055.26,3487.0
4055.38,4059.52,4051.46,4055.59,5242.0
4055.52,4058.85,4053.11,4054.77,4762.0
4054.73,4056.22,4046.85,4049.56,4340.0
4049.69,4052.625,4047.17,4049.615,4284.0
4049.62,4055.74,4044.9,4053.24,3699.0
4053.18,4059.15,4052.56,4057.31,2131.0
4057.255,4060.785,4052.11,4055.04,2308.0
4055.12,4066.88,4054.735,4064.985,3759.0
4065.005,4069.625,4061.7,4064.485,5660.0
4064.555,4071.025,4062.65,4069.97,4141.0
4069.95,4073.54,4066.59,4073.295,4333.0
4073.275,4075.355,4069.755,4071.26,3612.0
4071.295,4076.005,4069.445,4075.975,2665.0
4076.01,4077.8,4069.13,4072.96,2514.0
4072.89,4078.91,4072.64,4078.33,1678.0
4078.27,4078.37,4073.29,4073.85,2087.0
4073.83,4078.845,4073.83,4078.78,1601.0
4078.72,4081.73,4078.36,4080.015,2556.0
4079.97,4080.64,4075.58,4076.13,2765.0
4076.19,4078.75,4074.315,4078.55,3454.0
4078.5,4079.095,4075.42,4075.69,2128.0
4075.68,4078.4,4075.485,4077.03,1320.0
4077.035,4087.925,4076.64,4086.34,2632.0
4086.14,4088.955,4083.86,4088.39,1595.0
4088.37,4093.815,4086.795,4093.005,3682.0
4093.0,4093.99,4088.865,4091.325,3274.0
4091.3,4099.41,4090.26,4098.35,2032.0
4098.3,4105.73,4097.93,4105.61,2748.0
4105.625,4113.8,4103.455,4107.91,5228.0
4107.6,4110.84,4104.74,4106.545,4400.0
4106.52,4106.915,4102.355,4103.36,3414.0
4103.34,4108.66,4100.245,4107.035,2599.0
4107.03,4107.57,4100.125,4102.085,4505.0
4102.205,4107.67,4100.6,4102.105,3558.0
4102.12,4104.77,4098.525,4101.785,1333.0
4101.715,4104.1,4100.725,4102.77,1491.0
4102.775,4105.18,4102.715,4104.695,1533.0
4104.695,4107.21,4100.54,4101.37,1224.0
4101.72,4102.83,4088.52,4088.75,2567.0
4088.76,4096.46,4088.76,4092.28,3102.0
4092.245,4096.585,4092.025,4096.325,1828.0
4096.3,4102.815,4096.3,4100.365,1719.0
4100.385,4103.935,4099.285,4102.175,1136.0
4102.41,4103.91,4099.735,4102.1,1001.0
4102.065,4102.77,4099.14,4100.25,1359.0
4100.29,4101.35,4097.71,4099.4,1344.0
4110.085,4111.145,4110.085,4111.125,20.0
4111.095,4111.195,4099.56,4101.245,2014.0
4101.25,4101.575,4093.63,4099.315,2218.0
4099.325,4108.7,4099.325,4106.94,2081.0
4107.005,4110.54,4100.43,4109.96,1856.0
4110.0,4110.025,4100.95,4103.12,1805.0
4103.115,4103.355,4092.59,4093.945,2928.0
4093.965,4101.435,4093.865,4097.205,2022.0
4097.18,4100.12,4096.46,4098.335,860.0
4098.13,4098.83,4094.845,4094.85,1191.0
4094.84,4104.255,4094.84,4099.16,1685.0
4099.165,4102.325,4098.885,4102.325,2064.0
4102.335,4104.89,4099.69,4101.54,1813.0
4101.53,4101.53,4093.615,4095.695,2018.0
4095.69,4096.18,4084.72,4090.6,4264.0
4090.645,4092.1,4084.545,4087.87,2956.0
4087.865,4091.23,4087.245,4088.82,1272.0
4088.84,4090.47,4080.6,4086.085,2859.0
4086.08,4094.82,4083.69,4093.275,2578.0
4093.29,4094.26,4090.065,4090.35,1780.0
4090.33,4091.19,4087.14,4088.89,1806.0
4088.91,4093.07,4085.805,4086.945,3210.0
4086.94,4093.01,4085.28,4090.615,3438.0
4090.61,4093.37,4087.635,4087.64,3630.0
4087.645,4096.73,4083.34,4094.86,5982.0
4094.825,4095.625,4088.79,4091.965,4864.0
4091.955,4092.785,4085.66,4085.805,3814.0
4085.83,4087.87,4081.44,4081.93,4425.0
4081.87,4082.45,4065.9,4071.42,8534.0
4071.69,4076.835,4067.445,4076.445,5674.0
4076.455,4084.675,4076.065,4082.82,4378.0
4082.8,4083.45,4071.635,4078.96,3327.0
4079.02,4081.93,4078.015,4081.93,2336.0
4081.895,4084.805,4080.325,4083.11,4532.0
4083.135,4086.015,4079.675,4084.07,4015.0
4084.085,4085.555,4079.875,4082.15,2629.0
4082.17,4082.185,4073.055,4075.515,7470.0
4075.55,4081.76,4071.845,4072.97,4838.0
4072.965,4081.685,4072.6,4077.75,4087.0
4077.78,4079.84,4074.04,4076.815,3151.0
4076.78,4091.23,4076.68,4091.09,4598.0
4091.08,4093.095,4087.125,4087.295,3934.0
4087.315,4089.99,4084.075,4087.99,4606.0
4087.97,4089.56,4086.005,4087.625,3349.0
4087.665,4091.595,4081.305,4081.975,3612.0
4081.97,4087.215,4077.855,4080.345,4575.0
4080.355,4083.21,4078.575,4078.725,4158.0
4078.735,4079.745,4072.93,4073.165,3513.0
4073.185,4078.335,4071.96,4076.89,3187.0
4076.895,4079.13,4076.525,4077.315,1893.0
4077.295,4079.08,4074.785,4075.83,2833.0
4075.945,4078.0,4072.38,4074.715,3488.0
4074.81,4080.06,4073.03,4078.91,2662.0
4079.08,4085.115,4078.89,4081.36,2994.0
4081.325,4084.785,4079.6,4081.74,5138.0
4081.9,4084.705,4079.785,4079.865,4285.0
4079.885,4080.005,4076.41,4079.86,3258.0
4079.84,4084.455,4078.79,4083.32,2581.0
4083.345,4083.98,4079.845,4080.97,3281.0
4080.965,4085.495,4080.72,4082.61,3037.0
4082.615,4084.17,4077.89,4082.73,4016.0
4082.715,4085.43,4082.255,4085.285,3953.0
4085.04,4088.69,4083.795,4088.655,3916.0
4088.67,4096.495,4088.67,4095.95,3429.0
4095.96,4100.25,4094.855,4099.565,2945.0
4099.58,4101.035,4095.25,4095.515,3222.0
4095.5,4096.095,4090.175,4090.675,1779.0
4090.2,4094.275,4089.745,4093.66,2163.0
4093.53,4095.24,4091.815,4093.6,2188.0
4093.605,4094.38,4090.645,4092.4,2757.0
4092.425,4092.48,4089.855,4090.395,2407.0
4090.39,4092.57,4090.315,4091.4,1299.0
4091.405,4092.055,4089.405,4090.82,2153.0
4090.81,4091.405,4087.8,4087.92,1603.0
4087.885,4092.005,4087.7,4091.605,2024.0
4091.625,4093.2,4087.38,4087.38,1888.0
4087.4,4087.96,4082.955,4085.295,1649.0
4085.505,4086.115,4079.895,4084.725,1407.0
4084.715,4087.745,4082.585,4087.585,1807.0
4087.515,4090.295,4086.715,4087.555,1414.0
4087.65,4088.715,4085.585,4087.73,1469.0
4087.755,4090.61,4086.525,4090.385,1617.0
4090.38,4091.295,4086.61,4089.785,1957.0
4089.845,4091.4,4088.215,4089.605,2890.0
4089.68,4091.345,4088.47,4090.23,2395.0
4090.225,4092.895,4089.66,4092.57,2304.0
4092.495,4094.02,4088.575,4091.065,2518.0
4091.075,4091.875,4088.94,4089.1,2004.0
4089.13,4089.41,4084.32,4085.77,2192.0
4085.775,4089.8,4084.075,4089.74,2073.0
4089.73,4098.605,4088.84,4094.485,3958.0
4094.455,4095.785,4090.665,4093.645,2534.0
4093.655,4097.365,4091.01,4096.875,1812.0
4096.845,4099.76,4096.725,4098.985,2387.0
4098.995,4106.205,4098.505,4106.105,2396.0
4106.055,4110.63,4105.13,4110.55,2383.0
4110.56,4125.195,4110.48,4123.01,4712.0
4122.995,4127.995,4121.05,4127.02,5511.0
4127.01,4137.745,4126.615,4129.935,6820.0
4129.86,4132.68,4124.12,4124.955,5735.0
4124.89,4127.395,4120.595,4126.56,4622.0
4126.455,4129.48,4123.57,4125.18,5410.0
4124.965,4127.56,4119.315,4121.045,4231.0
4121.085,4122.86,4113.37,4113.435,4857.0
4113.465,4123.665,4113.2,4122.475,4801.0
4122.4,4124.295,4117.215,4117.77,3148.0
4117.74,4120.34,4113.925,4117.295,3493.0
4117.29,4118.205,4110.685,4113.775,3503.0
4113.755,4121.01,4112.46,4120.665,3465.0
4120.71,4121.24,4114.475,4115.16,3316.0
4115.22,4117.605,4113.485,4114.39,3766.0
4114.375,4120.065,4113.37,4120.055,3645.0
4119.88,4120.49,4115.77,4118.35,3254.0
4118.305,4120.135,4114.31,4115.425,3192.0
4115.43,4115.705,4110.575,4111.41,3985.0
4111.465,4111.53,4092.06,4100.115,7119.0
4100.12,4107.855,4096.255,4102.69,4741.0
4102.7,4104.955,4100.355,4101.52,4092.0
4101.465,4102.305,4096.41,4100.095,3323.0
4100.15,4100.415,4093.68,4094.205,3458.0
4094.23,4108.7,4094.23,4108.63,5889.0
4108.655,4115.045,4106.925,4111.49,4504.0
4111.465,4112.875,4109.04,4111.59,3074.0
4111.575,4117.385,4111.04,4114.885,3588.0
4114.895,4118.975,4113.25,4113.84,2923.0
4113.86,4116.545,4110.475,4114.03,2857.0
4114.18,4115.555,4112.555,4112.59,1490.0
4112.59,4112.615,4109.75,4110.61,1944.0
4110.54,4112.4,4108.605,4111.615,1427.0
4111.61,4116.59,4109.13,4116.53,1554.0
4116.545,4118.71,4113.26,4114.255,1303.0
4114.265,4116.82,4112.9,4116.33,1294.0
4116.43,4118.425,4113.5,4114.575,1480.0
4114.57,4121.165,4113.385,4116.45,1837.0
4116.425,4118.925,4111.07,4118.445,1606.0
4118.47,4123.665,4118.26,4123.015,1971.0
4123.025,4123.43,4117.615,4119.16,2382.0
4119.13,4122.285,4117.57,4122.2,1313.0
4122.15,4125.43,4121.02,4122.455,1214.0
4122.27,4123.555,4118.385,4119.095,1590.0
4118.995,4119.685,4111.34,4114.245,1594.0
4114.35,4118.12,4111.345,4118.075,1653.0
4118.205,4121.66,4115.775,4121.215,1433.0
4121.28,4125.185,4120.975,4124.635,1247.0
4124.66,4125.55,4122.06,4122.43,1054.0
4122.515,4123.635,4118.605,4120.08,1213.0
4119.89,4123.095,4117.265,4121.38,1076.0
4121.365,4122.025,4116.005,4118.905,1278.0
4118.83,4119.56,4116.165,4117.62,919.0
4117.595,4120.455,4108.825,4110.135,2816.0
4110.145,4115.04,4106.785,4112.805,3021.0
4112.865,4119.515,4112.825,4116.25,2138.0
4116.36,4117.945,4110.365,4110.42,1071.0
4110.36,4112.125,4104.955,4111.25,3192.0
4111.24,4113.005,4101.84,4105.515,2668.0
4105.53,4109.46,4105.43,4109.16,1874.0
4109.255,4121.115,4107.88,4117.72,2664.0
4117.725,4119.065,4110.185,4117.295,3334.0
4117.25,4117.76,4114.62,4116.66,1300.0
4116.6,4118.24,4113.39,4114.99,1829.0
4115.06,4115.53,4112.085,4114.205,2233.0
4114.21,4115.88,4112.09,4113.55,1777.0
4113.675,4116.57,4111.095,4112.98,2817.0
4113.0,4117.07,4109.725,4113.465,3182.0
4113.45,4116.925,4112.46,4114.355,2641.0
4114.325,4117.73,4112.745,4115.2,1609.0
4114.865,4117.35,4114.41,4115.3,2209.0
4115.305,4115.61,4107.575,4109.66,3157.0
4109.57,4116.36,4109.07,4113.51,2540.0
4113.495,4114.405,4109.56,4112.355,1800.0
4112.305,4113.19,4103.855,4105.075,3195.0
4105.105,4110.165,4104.465,4105.385,3731.0
4105.445,4107.06,4100.14,4101.575,3802.0
4101.42,4110.13,4101.26,4109.435,3372.0
4109.465,4121.13,4109.14,4118.89,4999.0
4118.77,4124.92,4118.22,4124.92,4367.0
4124.91,4128.045,4118.61,4118.945,4762.0
4118.93,4124.77,4118.93,4123.79,2198.0
4123.855,4129.25,4123.235,4127.96,2239.0
4128.015,4128.61,4123.86,4127.135,2371.0
4127.225,4131.37,4125.785,4129.32,3519.0
4129.285,4135.55,4128.3,4133.1,5786.0
4133.04,4136.87,4132.71,4135.34,4197.0
4134.995,4141.31,4131.055,4140.19,3505.0
4140.16,4147.295,4139.945,4146.89,5343.0
4146.865,4150.04,4145.15,4147.335,3536.0
4147.32,4147.8,4132.36,4140.165,4761.0
4140.345,4145.275,4135.53,4141.26,5778.0
4141.01,4149.74,4139.22,4149.73,6802.0
4149.745,4150.99,4139.535,4139.89,6120.0
4139.905,4150.17,4138.0,4148.82,6380.0
4148.855,4149.605,4141.14,4145.12,5937.0
4145.01,4149.785,4140.335,4146.175,6113.0
4146.26,4154.79,4146.26,4153.05,7627.0
4153.085,4153.145,4141.99,4142.375,5327.0
4142.445,4143.275,4136.14,4139.07,8818.0
4139.065,4147.015,4136.72,4146.355,6584.0
4146.405,4147.575,4141.955,4147.245,4832.0
4147.315,4147.65,4142.725,4145.71,4950.0
4145.695,4147.58,4142.62,4142.81,5208.0
4142.91,4146.695,4140.375,4144.405,4123.0
4144.355,4151.46,4140.15,4148.11,4672.0
4148.12,4152.005,4146.155,4147.06,4676.0
4147.05,4148.4,4141.81,4148.365,6000.0
4148.395,4151.965,4148.01,4150.065,5461.0
4149.925,4150.535,4144.915,4148.285,4712.0
4148.29,4150.23,4142.415,4144.625,4447.0
4144.615,4148.09,4143.205,4145.25,5036.0
4145.235,4145.315,4137.195,4140.855,4592.0
4141.06,4147.435,4140.135,4144.93,3758.0
4145.145,4146.99,4142.745,4142.905,4318.0
4142.995,4143.635,4138.975,4141.805,5867.0
4141.8,4143.465,4140.72,4143.07,3559.0
4143.055,4143.13,4137.145,4137.73,4073.0
4137.735,4143.235,4137.535,4142.405,4399.0
4142.42,4145.285,4140.975,4141.945,5589.0
4141.95,4148.74,4141.455,4147.125,3522.0
4147.13,4147.665,4142.585,4144.545,1992.0
4144.775,4146.175,4143.4,4143.845,2229.0
4143.86,4144.16,4136.74,4137.135,2688.0
4137.055,4140.82,4132.53,4140.335,2988.0
4140.18,4141.735,4138.855,4140.685,2881.0
4140.675,4143.775,4139.915,4143.315,3355.0
4143.325,4143.78,4139.85,4140.35,2780.0
4140.29,4140.52,4127.695,4128.725,3750.0
4128.67,4132.93,4125.75,4129.735,2917.0
4129.725,4133.295,4127.995,4132.195,1502.0
4132.145,4134.705,4131.515,4132.995,3159.0
4132.99,4137.91,4131.79,4137.665,5377.0
4137.685,4138.37,4128.28,4135.105,4111.0
4135.155,4139.28,4134.4,4138.23,2092.0
4138.22,4138.275,4134.17,4135.3,2743.0
4135.2,4135.935,4126.695,4127.135,3104.0
4127.045,4129.83,4125.105,4129.73,4045.0
4130.025,4134.13,4126.77,4132.985,1749.0
4133.105,4136.82,4131.205,4134.345,2766.0
4134.325,4135.685,4130.21,4134.35,1791.0
4134.375,4134.845,4132.305,4133.19,1768.0
4133.165,4137.285,4132.65,4137.045,3088.0
4137.04,4138.52,4135.375,4137.81,2669.0
4137.805,4139.87,4137.68,4138.635,2943.0
4138.64,4138.87,4133.155,4133.655,2976.0
4133.835,4141.34,4133.765,4140.71,2150.0
4140.725,4140.78,4137.07,4140.335,3459.0
4140.355,4141.425,4138.955,4140.76,3142.0
4140.8,4143.6,4140.505,4142.85,2606.0
4142.895,4142.915,4138.305,4139.115,2233.0
4139.11,4140.89,4136.455,4140.37,2092.0
4140.36,4140.925,4137.22,4139.975,2575.0
4139.955,4140.325,4135.82,4137.1,1943.0
4137.115,4137.355,4133.78,4135.74,2301.0
4135.71,4137.455,4134.38,4136.35,3400.0
4136.315,4138.31,4133.845,4137.33,2584.0
4137.29,4137.665,4134.335,4136.23,2222.0
4136.285,4136.905,4134.145,4135.28,1518.0
4135.27,4135.73,4131.0,4131.715,1786.0
4131.75,4132.6,4125.97,4129.3,2317.0
4129.29,4131.98,4128.43,4128.64,2686.0
4128.625,4128.835,4125.23,4125.78,4485.0
4125.71,4127.4,4117.535,4118.645,3498.0
4118.695,4122.875,4117.535,4119.88,2516.0
4119.915,4122.135,4117.69,4119.03,2701.0
4119.03,4122.0,4117.48,4119.895,4023.0
4119.905,4120.41,4116.61,4118.45,4176.0
4118.55,4119.28,4112.955,4115.425,2852.0
4115.28,4118.855,4114.365,4114.535,1177.0
4114.56,4114.875,4111.015,4113.455,1464.0
4113.525,4116.18,4112.345,4113.815,1580.0
4113.8,4115.195,4107.855,4111.12,1587.0
4110.995,4112.02,4107.815,4108.515,699.0
4108.51,4113.905,4107.535,4113.395,1140.0
4113.38,4115.425,4111.35,4115.24,965.0
4115.26,4117.535,4114.775,4115.3,870.0
4115.28,4119.745,4114.685,4119.395,508.0
4119.3,4123.335,4119.25,4121.69,582.0
4121.715,4126.075,4121.7,4126.075,441.0
4125.85,4125.895,4125.53,4125.88,39.0
4125.845,4126.59,4119.32,4124.5,1201.0
4124.515,4128.8,4124.515,4126.74,639.0
4126.615,4126.635,4119.385,4120.04,628.0
4120.275,4122.545,4117.495,4121.035,1048.0
4121.025,4124.31,4121.025,4122.215,1019.0
4121.945,4122.89,4120.285,4120.485,373.0
4120.43,4121.595,4117.865,4118.605,685.0
4118.62,4120.19,4111.855,4111.87,1027.0
4111.815,4117.845,4111.465,4116.94,904.0
4116.975,4118.45,4116.07,4118.285,611.0
4118.31,4118.63,4114.81,4116.275,781.0
4116.345,4119.91,4116.345,4118.97,802.0
4118.985,4118.985,4114.865,4115.12,1286.0
4115.135,4116.93,4113.92,4116.13,989.0
4116.14,4116.155,4113.07,4114.81,1275.0
4114.805,4114.84,4111.2,4111.7,1043.0
4111.68,4114.185,4111.665,4112.24,741.0
4112.235,4112.24,4106.035,4108.05,1216.0
4108.025,4112.705,4107.84,4112.495,819.0
4112.5,4117.46,4112.37,4117.46,852.0
4117.485,4120.0,4115.035,4119.655,1008.0
4119.64,4122.885,4117.425,4120.56,1726.0
4120.435,4121.775,4117.995,4121.665,991.0
4121.435,4125.09,4117.805,4123.465,1871.0
4123.44,4130.555,4122.335,4130.275,2086.0
4130.255,4132.45,4127.61,4128.655,2058.0
4128.565,4131.175,4126.265,4127.925,1281.0
4127.815,4129.385,4125.46,4128.145,684.0
4128.195,4133.39,4126.845,4133.115,2032.0
4133.11,4133.895,4128.025,4128.205,978.0
4128.33,4130.33,4126.455,4128.835,460.0
4128.595,4129.525,4126.955,4127.775,532.0
4127.77,4130.565,4127.145,4128.14,764.0
4128.165,4130.98,4128.165,4130.02,1486.0
4130.03,4133.225,4129.195,4132.87,1410.0
4132.9,4136.605,4127.775,4134.545,3698.0
4134.61,4142.11,4133.87,4140.655,2434.0
4140.505,4143.295,4137.865,4143.165,2293.0
4143.19,4144.535,4137.06,4139.28,2405.0
4139.175,4139.435,4131.035,4136.325,2154.0
4136.375,4137.89,4134.245,4136.885,1070.0
4136.685,4137.715,4131.645,4133.455,1818.0
4133.45,4133.66,4124.375,4127.365,2868.0
4127.345,4128.675,4121.905,4125.915,2110.0
4125.815,4126.715,4121.63,4123.55,2447.0
4123.565,4124.01,4112.525,4115.925,3467.0
4115.905,4118.86,4112.035,4118.79,2343.0
4118.79,4119.24,4114.415,4118.125,2142.0
4118.045,4118.225,4111.85,4115.655,1498.0
4115.715,4117.595,4112.21,4114.59,1825.0
4114.585,4115.835,4111.615,4113.385,2023.0
4113.4,4117.345,4110.49,4112.38,1999.0
4112.37,4112.905,4109.515,4111.945,1175.0
4111.91,4117.545,4111.265,4115.63,1908.0
4115.59,4116.845,4111.355,4112.335,1030.0
4112.425,4115.285,4111.32,4114.61,1837.0
4114.635,4117.065,4112.295,4115.555,1433.0
4115.545,4116.32,4110.13,4113.485,1707.0
4113.435,4113.785,4109.425,4109.71,2261.0
4109.67,4110.69,4108.095,4109.52,1832.0
4109.5,4110.565,4107.58,4108.335,2243.0
4108.295,4118.21,4108.27,4118.1,2506.0
4118.105,4119.795,4111.675,4111.745,2461.0
4111.855,4116.185,4111.84,4113.485,1140.0
4113.515,4117.45,4113.445,4117.295,1044.0
4117.265,4117.88,4114.99,4116.31,1698.0
4116.315,4116.735,4113.805,4115.26,1338.0
4115.27,4117.175,4114.1,4117.11,1318.0
4117.12,4120.59,4116.46,4119.595,2068.0
4119.6,4122.2,4119.515,4122.135,1933.0
4122.085,4123.665,4121.275,4122.475,1750.0
4122.44,4123.405,4116.46,4119.425,2552.0
4119.285,4119.425,4115.91,4117.11,1347.0
4117.17,4119.195,4115.725,4116.535,901.0
4116.66,4116.755,4111.785,4112.31,1198.0
4112.05,4112.05,4105.09,4106.455,3048.0
4106.47,4109.485,4105.305,4106.95,3019.0
4106.935,4107.7,4103.585,4104.795,2422.0
4104.8,4107.505,4102.8,4106.375,2788.0
4106.325,4107.285,4103.55,4106.76,1795.0
4106.77,4113.785,4106.6,4112.67,2849.0
4112.675,4113.42,4111.335,4112.81,2528.0
4112.815,4113.125,4110.4,4111.555,1516.0
4111.92,4117.885,4111.26,4116.98,1519.0
4116.965,4118.01,4114.49,4115.045,1149.0
4115.05,4116.42,4113.82,4115.22,1780.0
4115.16,4118.025,4115.095,4116.845,1798.0
4116.86,4116.86,4111.675,4111.7,2084.0
4111.73,4113.6,4110.655,4112.78,1355.0
4112.76,4113.625,4109.275,4109.8,1628.0
4109.795,4110.78,4105.9,4106.595,3432.0
4106.56,4110.12,4105.165,4108.68,2544.0
4108.675,4111.515,4106.63,4110.555,2698.0
4110.535,4113.435,4109.915,4113.08,3033.0
4113.05,4113.075,4102.825,4104.5,2802.0
4104.525,4104.81,4093.47,4095.2,4069.0
4095.195,4097.28,4085.695,4089.2,5016.0
4089.22,4090.9,4081.98,4083.44,3941.0
4083.445,4088.485,4082.04,4088.485,3403.0
4088.475,4089.07,4081.425,4085.78,4683.0
4085.775,4091.43,4081.9,4089.725,3396.0
4089.71,4090.805,4083.485,4087.9,4131.0
4087.92,4095.32,4087.235,4095.32,3850.0
4095.295,4096.34,4090.72,4093.43,3909.0
4093.425,4095.22,4092.86,4094.275,2647.0
4094.28,4097.51,4093.97,4094.555,3148.0
4094.56,4095.09,4090.635,4092.3,3114.0
4092.29,4095.605,4090.58,4092.805,3615.0
4092.795,4095.035,4090.735,4093.02,2282.0
4093.01,4096.095,4090.875,4095.115,2574.0
4095.07,4095.405,4090.92,4095.34,2392.0
4095.365,4095.445,4089.23,4089.23,2286.0
4089.235,4091.65,4086.645,4088.68,3624.0
4088.735,4090.53,4084.93,4088.43,2464.0
4088.44,4089.04,4082.285,4088.495,3168.0
4088.44,4091.505,4084.625,4087.2,3286.0
4087.2,4088.45,4082.185,4084.175,2985.0
4084.205,4084.61,4072.375,4072.45,4323.0
4072.465,4076.155,4069.78,4074.3,4898.0
4074.315,4077.895,4064.755,4065.83,5439.0
4065.835,4069.68,4063.035,4065.28,6069.0
4065.29,4065.575,4052.12,4054.605,5462.0
4054.615,4058.22,4048.46,4055.445,4826.0
4055.415,4057.595,4048.995,4049.52,3497.0
4049.61,4055.97,4047.555,4053.97,4053.0
4053.985,4058.035,4050.385,4057.08,3657.0
4057.085,4064.31,4055.745,4059.025,2742.0
4059.045,4059.06,4050.725,4056.54,1587.0
4056.655,4067.78,4055.795,4065.545,2312.0
4065.56,4069.75,4063.16,4063.49,1868.0
4063.505,4066.86,4062.44,4065.515,1639.0
4065.5,4069.045,4062.45,4068.775,2226.0
4068.8,4072.625,4066.705,4072.07,3956.0
4072.165,4072.615,4069.4,4071.72,1985.0
4071.755,4072.98,4069.7,4071.175,2011.0
4071.2,4073.41,4069.19,4069.435,1027.0
4069.43,4071.41,4068.945,4069.79,1991.0
4069.775,4073.735,4067.805,4070.215,2058.0
4070.195,4072.16,4065.52,4066.2,2816.0
4066.24,4070.845,4064.905,4069.845,2504.0
4069.86,4072.11,4069.48,4070.58,1154.0
4070.555,4070.755,4056.47,4057.615,3496.0
4057.65,4061.66,4054.285,4060.875,3011.0
4060.92,4070.855,4059.565,4069.78,2805.0
4069.79,4070.405,4065.03,4066.45,2852.0
4066.375,4067.67,4065.625,4067.12,1455.0
4067.125,4067.735,4066.05,4066.22,710.0
4066.155,4066.17,4063.72,4064.795,796.0
4064.815,4064.95,4058.55,4059.215,1629.0
4059.175,4063.03,4054.57,4057.2,2262.0
4057.08,4061.95,4054.79,4058.72,2208.0
4058.75,4061.575,4058.19,4058.435,1050.0
4058.41,4060.67,4056.56,4059.09,2414.0
4058.94,4059.185,4055.955,4057.435,1266.0
4057.685,4058.32,4053.545,4054.865,1779.0
4054.875,4057.38,4043.515,4046.39,5385.0
4046.44,4060.98,4045.22,4060.215,4586.0
4060.17,4061.96,4056.245,4058.87,4019.0
4058.87,4061.49,4057.455,4058.94,2891.0
4058.93,4059.255,4055.55,4055.72,3164.0
4055.735,4058.78,4054.735,4056.66,3682.0
4056.655,4060.455,4055.085,4060.3,2711.0
4060.29,4060.385,4054.605,4055.685,1188.0
4055.78,4058.62,4054.875,4058.5,1858.0
4058.48,4065.71,4057.85,4065.605,2810.0
4065.345,4065.615,4060.065,4060.165,3337.0
4060.175,4061.705,4058.62,4061.46,2449.0
4061.52,4064.76,4060.67,4063.425,2394.0
4063.48,4065.57,4059.9,4064.57,4089.0
4064.51,4064.865,4061.585,4062.4,4340.0
4062.445,4064.71,4061.465,4062.585,2319.0
4062.57,4064.355,4060.535,4062.885,2301.0
4062.84,4063.185,4059.935,4061.555,1511.0
4061.505,4094.18,4061.135,4089.69,10850.0
4089.715,4091.945,4076.51,4080.615,8741.0
4080.66,4086.39,4076.26,4083.225,4905.0
4083.215,4084.715,4074.665,4075.705,4213.0
4075.435,4083.74,4074.37,4081.965,5584.0
4082.01,4082.55,4076.62,4082.265,4670.0
4082.36,4091.435,4078.975,4089.09,5595.0
4089.11,4112.59,4089.02,4111.08,8980.0
4111.085,4115.8,4106.025,4111.79,6404.0
4111.755,4121.755,4109.45,4118.525,5797.0
4118.565,4122.315,4113.685,4115.045,6615.0
4114.96,4119.075,4112.165,4114.105,3267.0
4114.005,4120.16,4110.185,4117.75,6211.0
4117.7,4119.665,4111.845,4112.575,6031.0
4112.575,4112.725,4098.63,4106.1,7140.0
4106.0,4109.31,4097.865,4106.115,8392.0
4106.355,4109.045,4098.665,4108.89,6796.0
4108.9,4109.935,4101.66,4106.9,4347.0
4106.885,4109.385,4102.145,4107.85,6911.0
4107.92,4118.16,4106.605,4114.96,5379.0
4115.095,4135.32,4114.195,4131.72,6108.0
4131.22,4135.075,4124.28,4126.725,5974.0
4126.71,4131.32,4123.11,4126.49,4902.0
4126.5,4126.865,4119.66,4123.89,5371.0
4123.915,4128.37,4122.21,4126.62,5121.0
4126.69,4128.56,4121.175,4126.455,4017.0
4126.44,4131.51,4126.04,4129.485,4793.0
4129.49,4131.22,4120.86,4123.095,4842.0
4123.1,4124.21,4112.335,4119.63,4929.0
4119.645,4122.23,4116.035,4117.63,4553.0
4117.615,4120.74,4115.07,4120.03,4481.0
4120.245,4123.18,4116.535,4120.85,3645.0
4120.76,4123.57,4118.705,4118.97,4102.0
4119.025,4120.235,4113.27,4118.83,3813.0
4118.88,4128.87,4118.57,4127.39,3054.0
4127.25,4128.4,4124.4,4125.625,4444.0
4125.65,4129.245,4125.11,4127.425,4711.0
4127.455,4130.215,4123.22,4129.56,3871.0
4129.555,4130.445,4124.755,4126.965,3970.0
4127.06,4129.355,4120.86,4125.68,4004.0
4125.75,4131.91,4124.46,4128.635,4977.0
4128.595,4131.62,4126.565,4130.545,4789.0
4130.55,4132.35,4127.4,4128.955,2720.0
4128.98,4136.79,4128.735,4132.48,3136.0
4132.55,4134.24,4129.66,4133.03,3183.0
4132.9,4134.275,4130.15,4131.65,3880.0
4131.71,4136.11,4131.57,4135.05,2439.0
4135.04,4138.67,4133.88,4136.47,3979.0
4136.495,4137.155,4133.26,4133.26,2777.0
4133.26,4135.82,4127.16,4127.24,3431.0
4127.33,4130.99,4121.9,4130.87,3308.0
4130.71,4131.765,4128.85,4131.06,2438.0
4131.09,4133.24,4129.84,4130.56,5157.0
4130.595,4130.64,4126.055,4129.495,5010.0
4129.535,4134.39,4129.415,4131.295,4213.0
4131.29,4132.39,4127.85,4128.58,4511.0
4128.56,4130.53,4126.22,4126.64,3188.0
4126.66,4127.635,4122.52,4122.81,3020.0
4122.715,4125.37,4120.88,4122.555,1752.0
4122.54,4125.265,4120.385,4121.44,4298.0
4121.4,4124.295,4117.26,4120.67,2061.0
4120.59,4122.07,4117.94,4118.13,1336.0
4118.175,4119.09,4111.69,4112.33,1866.0
4112.365,4116.97,4112.005,4115.01,1537.0
4114.95,4115.99,4108.43,4109.595,1935.0
4109.63,4112.47,4105.805,4107.73,2232.0
4107.775,4109.64,4103.13,4106.16,2227.0
4106.23,4107.72,4103.41,4107.415,1656.0
4107.38,4107.985,4102.205,4104.805,3383.0
4104.76,4110.025,4103.155,4110.02,2662.0
4109.965,4110.81,4107.76,4108.53,1387.0
4108.51,4110.16,4102.035,4106.21,2543.0
4106.3,4111.86,4103.885,4111.44,1316.0
4111.4,4113.73,4108.185,4111.01,1513.0
4110.95,4110.95,4104.24,4107.11,1444.0
4107.2,4109.63,4105.52,4109.63,964.0
4109.56,4111.115,4107.195,4108.75,2425.0
4108.765,4111.58,4107.95,4110.43,2819.0
4110.48,4116.1,4110.02,4115.645,1772.0
4115.59,4117.68,4115.44,4117.515,3159.0
4117.505,4117.505,4112.815,4114.71,1471.0
4114.735,4115.835,4113.25,4114.44,1725.0
4114.34,4115.27,4111.03,4115.045,1603.0
4115.02,4117.235,4112.975,4113.04,1730.0
4113.03,4113.33,4109.91,4112.125,1719.0
4112.12,4113.97,4110.47,4111.64,1030.0
4111.89,4112.045,4108.85,4109.505,859.0
4109.53,4109.81,4103.645,4104.06,3133.0
4103.98,4106.05,4102.37,4105.09,1776.0
4104.96,4107.63,4102.44,4104.205,2342.0
4104.195,4104.475,4101.065,4101.65,2079.0
4101.665,4103.525,4101.22,4102.005,1141.0
4102.0,4102.695,4096.625,4100.5,1209.0
4100.55,4102.565,4100.06,4100.75,790.0
4100.745,4101.625,4099.38,4100.33,811.0
4100.34,4100.585,4098.28,4100.18,755.0
4100.185,4104.895,4099.89,4102.42,1093.0
4102.415,4107.165,4102.195,4107.125,920.0
4107.065,4110.12,4106.455,4109.015,1634.0
4109.02,4112.505,4107.55,4112.08,1207.0
4112.02,4114.425,4112.02,4113.67,1140.0
4113.655,4114.605,4111.315,4114.125,1578.0
4085.7,4087.035,4079.265,4083.02,57.0
4082.815,4091.935,4073.645,4088.95,3746.0
4088.925,4107.575,4088.85,4104.84,4758.0
4104.845,4109.0,4100.56,4105.5,2748.0
4105.575,4105.575,4100.385,4101.44,1647.0
4101.42,4102.295,4091.3,4091.765,2234.0
4091.72,4099.78,4090.025,4098.355,3282.0
4098.365,4100.455,4093.29,4094.22,1671.0
4094.205,4096.6,4080.085,4080.405,2597.0
4080.395,4084.15,4071.925,4078.475,4417.0
4078.465,4080.635,4072.665,4076.04,1641.0
4076.015,4085.225,4076.015,4081.875,1683.0
4081.91,4088.785,4079.025,4083.215,2711.0
4083.145,4088.64,4080.965,4085.405,1947.0
4085.265,4085.88,4082.165,4082.89,1257.0
4082.895,4087.055,4082.1,4083.535,1329.0
4083.51,4085.055,4078.445,4080.5,1713.0
4080.6,4081.915,4073.21,4074.725,1864.0
4074.69,4080.56,4073.46,4079.675,1552.0
4079.72,4079.75,4067.37,4070.585,2659.0
4070.565,4072.42,4064.305,4067.535,2078.0
4067.455,4069.995,4061.675,4064.985,2874.0
4065.09,4071.25,4064.235,4070.015,2494.0
4070.08,4070.42,4062.33,4064.665,2169.0
4064.66,4068.015,4058.205,4064.37,3556.0
4064.45,4072.69,4062.055,4071.125,2072.0
4071.13,4072.45,4067.985,4069.38,1300.0
4069.405,4071.76,4064.21,4064.315,1341.0
4064.285,4068.25,4062.445,4065.69,2453.0
4065.645,4068.73,4063.1,4068.015,1437.0
4068.02,4077.16,4067.67,4077.135,2199.0
4077.11,4077.185,4073.925,4075.385,1377.0
4075.41,4076.605,4071.93,4075.235,1123.0
4075.07,4079.065,4074.58,4077.415,1543.0
4077.485,4079.375,4076.36,4077.575,1961.0
4077.55,4084.435,4076.385,4081.27,3312.0
4081.295,4084.23,4074.94,4081.645,5728.0
4081.61,4096.39,4080.09,4094.41,4521.0
4094.365,4095.98,4089.145,4090.195,3135.0
4090.24,4094.55,4088.945,4091.05,3105.0
4090.96,4094.325,4090.5,4093.82,2045.0
4093.8,4097.87,4092.835,4093.7,2055.0
4093.695,4094.13,4085.105,4088.145,3225.0
4088.095,4090.155,4081.485,4087.395,4734.0
4087.4,4088.36,4081.745,4088.36,3002.0
4088.415,4090.725,4085.6,4086.865,2187.0
4086.87,4086.87,4083.13,4084.18,2883.0
4084.21,4086.72,4081.51,4082.065,3699.0
4082.075,4082.375,4076.025,4076.735,3490.0
4076.725,4078.44,4071.73,4075.275,2972.0
4075.24,4079.33,4072.235,4078.56,2405.0
4078.665,4081.63,4074.385,4075.555,2357.0
4075.61,4076.395,4071.65,4072.2,1972.0
4072.205,4074.15,4071.18,4073.1,2147.0
4073.06,4074.945,4071.955,4073.685,3244.0
4073.68,4076.7,4072.595,4076.465,3343.0
4076.455,4079.575,4075.95,4078.235,1612.0
4078.145,4078.145,4071.29,4071.945,2110.0
4071.95,4076.81,4071.27,4074.26,2118.0
4074.235,4074.345,4070.345,4071.755,1567.0
4071.745,4072.285,4065.34,4069.88,3025.0
4069.87,4075.81,4069.87,4075.12,2779.0
4075.1,4076.8,4074.14,4075.555,2162.0
4075.525,4075.56,4070.285,4073.685,2966.0
4073.685,4077.29,4073.67,4076.21,3009.0
4076.185,4079.33,4075.72,4077.19,2395.0
4077.205,4077.675,4075.225,4075.795,747.0
4075.805,4080.975,4075.385,4080.105,1834.0
4080.0,4081.875,4079.12,4080.235,1787.0
4080.175,4080.355,4078.575,4079.685,815.0
4079.74,4079.91,4073.43,4073.565,1126.0
4073.54,4073.54,4068.975,4069.745,1984.0
4069.715,4069.775,4061.41,4061.43,2452.0
4061.415,4061.7,4053.71,4056.53,3313.0
4056.62,4058.77,4055.285,4057.645,1684.0
4057.71,4060.85,4054.565,4060.27,2539.0
4060.115,4063.67,4059.99,4063.295,1543.0
4063.235,4065.46,4062.485,4062.74,1926.0
4062.85,4065.205,4059.04,4064.02,1860.0
4064.03,4065.04,4060.535,4060.545,1918.0
4060.535,4061.145,4058.1,4060.755,2369.0
4060.72,4065.465,4060.175,4065.215,2098.0
4065.19,4070.28,4062.025,4068.7,2580.0
4068.565,4071.94,4067.35,4068.835,2389.0
4068.855,4073.135,4068.55,4072.275,2269.0
4072.27,4072.745,4070.03,4072.19,2046.0
4072.215,4075.125,4071.355,4073.645,2075.0
4073.655,4075.28,4073.055,4074.295,1282.0
4074.28,4080.745,4074.015,4079.25,2095.0
4079.335,4084.68,4078.96,4081.89,1831.0
4082.005,4084.12,4080.0,4083.315,2634.0
4083.31,4083.66,4078.77,4079.035,2156.0
4079.04,4081.38,4078.1,4079.94,3350.0
4079.91,4082.76,4078.34,4081.72,1748.0
4081.605,4084.005,4081.16,4082.025,2200.0
4082.01,4082.01,4076.305,4079.87,2453.0
4079.865,4084.2,4077.79,4078.08,3052.0
4078.14,4085.17,4077.28,4080.67,2181.0
4080.705,4081.945,4078.325,4079.75,1863.0
4079.675,4082.21,4078.565,4081.575,3225.0
4081.555,4083.035,4078.275,4082.76,2331.0
4082.78,4084.035,4080.69,4082.065,2495.0
4082.08,4082.8,4078.89,4082.215,2288.0
4082.23,4083.57,4081.335,4083.115,1500.0
4083.135,4083.595,4079.83,4079.935,2108.0
4079.975,4083.17,4078.465,4081.2,3077.0
4081.19,4082.18,4077.775,4077.915,3529.0
4077.965,4078.645,4074.055,4078.325,4524.0
4078.33,4079.87,4074.43,4074.93,3925.0
4074.925,4076.685,4073.555,4073.695,2873.0
4073.705,4074.39,4070.2,4071.635,3401.0
4071.635,4074.745,4070.95,4073.185,3511.0
4073.11,4073.45,4066.815,4069.36,3926.0
4069.365,4069.365,4065.955,4068.43,1588.0
4068.455,4071.43,4068.455,4070.08,2639.0
4069.93,4071.495,4068.805,4068.835,2475.0
4068.825,4070.69,4066.685,4070.69,2633.0
4070.68,4070.965,4067.81,4068.925,2029.0
4068.875,4069.37,4066.59,4067.175,2332.0
4067.165,4069.105,4064.02,4068.945,4052.0
4068.93,4068.93,4064.24,4065.165,3727.0
4065.17,4067.4,4063.85,4066.01,3487.0
4066.005,4067.135,4063.685,4066.795,4523.0
4066.775,4070.455,4065.205,4066.115,3157.0
4066.11,4066.705,4057.925,4058.8,2710.0
4058.81,4059.955,4056.115,4058.705,2962.0
4058.715,4062.58,4058.45,4060.775,3573.0
4060.895,4062.61,4058.345,4062.11,3680.0
4062.09,4062.09,4058.47,4058.925,2538.0
4058.885,4061.78,4055.375,4057.79,2297.0
4057.775,4057.775,4039.01,4040.885,4328.0
4040.87,4044.81,4024.34,4043.58,8294.0
4043.545,4050.41,4040.96,4044.91,4831.0
4044.85,4050.0,4036.42,4036.51,4654.0
4036.47,4040.09,4029.91,4036.69,5653.0
4036.61,4043.385,4033.89,4038.755,5124.0
4038.75,4042.535,4037.035,4042.12,3163.0
4042.155,4042.7,4035.815,4037.555,2131.0
4037.475,4041.245,4036.505,4039.53,2190.0
4039.54,4049.78,4039.05,4045.585,3494.0
4045.525,4045.575,4037.56,4042.84,2116.0
4042.74,4047.91,4041.65,4046.41,2996.0
4046.415,4048.345,4038.79,4040.29,1988.0
4040.06,4042.615,4038.94,4039.96,1981.0
4039.77,4044.275,4037.24,4044.105,1345.0
4044.125,4047.805,4040.675,4045.915,1788.0
4045.95,4047.425,4039.885,4043.475,3608.0
4043.45,4044.59,4040.465,4043.605,1845.0
4043.61,4045.28,4041.285,4041.4,1788.0
4041.34,4043.51,4034.905,4036.125,2575.0
4036.26,4037.665,4028.895,4035.36,3281.0
4035.61,4045.96,4035.605,4042.925,1930.0
4042.94,4044.59,4039.435,4041.385,2051.0
4041.475,4042.575,4039.33,4040.57,2913.0
4040.345,4040.345,4037.46,4038.68,2281.0
4038.675,4038.995,4035.475,4037.565,2652.0
4037.62,4041.545,4034.37,4036.3,3356.0
4036.335,4038.8,4029.67,4035.015,4129.0
4035.04,4035.2,4020.84,4030.62,4993.0
4030.59,4032.815,4028.815,4032.14,3539.0
4032.135,4032.44,4027.925,4028.55,4451.0
4028.57,4031.795,4028.005,4030.24,2478.0
4030.245,4031.05,4025.425,4026.845,3257.0
4026.81,4028.59,4015.29,4016.16,4564.0
4016.185,4023.475,4015.44,4020.5,4398.0
4020.44,4031.91,4019.325,4024.28,3525.0
4024.27,4026.45,4021.765,4024.705,2593.0
4024.66,4026.01,4022.51,4024.16,4279.0
4024.155,4038.17,4022.555,4032.535,5878.0
4032.52,4033.55,4029.385,4031.96,4437.0
4031.95,4035.99,4028.705,4032.765,4592.0
4032.76,4036.485,4032.36,4035.08,4437.0
4035.13,4040.675,4033.395,4040.61,4651.0
4040.615,4041.99,4034.61,4034.81,2796.0
4034.74,4035.12,4030.335,4032.82,3591.0
4032.955,4035.165,4031.935,4033.635,4385.0
4033.61,4038.155,4033.16,4034.94,4721.0
4034.955,4044.89,4034.665,4044.71,4812.0
4044.665,4046.655,4038.225,4040.745,4329.0
4040.655,4046.09,4040.225,4046.06,5481.0
4046.115,4050.61,4046.115,4047.235,4925.0
4047.235,4047.295,4040.415,4040.78,3476.0
4040.77,4043.49,4038.955,4039.68,3436.0
4039.645,4041.15,4036.535,4038.33,3097.0
4038.305,4043.885,4038.21,4039.68,4984.0
4039.685,4040.695,4031.515,4033.95,5631.0
4033.845,4039.02,4021.24,4032.16,9686.0
4032.15,4038.955,4030.835,4033.09,7334.0
4033.095,4033.825,4018.085,4025.745,9903.0
4025.73,4027.41,4013.525,4018.92,8883.0
4018.935,4026.77,4018.15,4018.625,7781.0
4018.59,4023.11,4016.35,4022.23,7937.0
4022.23,4023.665,4006.63,4011.225,9615.0
4011.435,4018.315,4000.32,4006.885,9297.0
4006.865,4009.74,4003.89,4005.015,7457.0
4004.845,4007.795,3988.14,3993.385,9333.0
3993.37,3996.105,3985.415,3992.305,9119.0
3992.285,4004.93,3987.925,3999.065,7670.0
3999.13,4000.435,3991.375,3995.22,6247.0
3995.19,3995.62,3983.09,3986.515,8126.0
3986.51,3999.155,3986.485,3994.795,7348.0
3994.78,3999.385,3991.42,3994.835,6650.0
3994.885,3997.475,3985.45,3988.725,7654.0
3988.73,3989.215,3984.295,3988.225,8968.0
3988.235,3988.515,3976.66,3980.56,8091.0
3980.755,3982.24,3971.645,3974.805,8259.0
3974.795,3980.64,3971.445,3978.93,7087.0
3978.99,3984.75,3975.915,3981.81,7124.0
3981.855,3984.975,3978.59,3981.445,6363.0
3981.455,3988.415,3978.94,3987.105,6060.0
3987.115,3993.72,3985.605,3988.605,6664.0
3988.615,3990.92,3986.59,3987.365,5623.0
3987.355,3988.89,3979.555,3981.575,6072.0
3981.565,3985.94,3981.2,3983.98,4694.0
3984.03,3990.495,3983.125,3987.895,3887.0
3987.86,3990.405,3985.575,3989.965,3824.0
3989.98,3992.845,3986.71,3988.985,5372.0
3988.99,3991.49,3986.535,3988.89,5442.0
3988.885,3995.025,3988.13,3993.87,4199.0
3993.885,3998.145,3992.825,3995.26,6093.0
3995.265,3996.365,3991.425,3992.505,4863.0
3992.495,3992.855,3987.115,3987.135,3905.0
3987.18,3991.055,3984.25,3989.5,5173.0
3989.515,3994.1,3988.72,3993.475,4385.0
3993.465,3995.305,3992.23,3993.425,5121.0
3993.43,3996.445,3992.45,3993.825,3737.0
3993.87,3995.64,3991.86,3993.785,4617.0
3993.785,4000.585,3993.555,3999.44,5264.0
3999.47,4004.31,3999.385,4002.285,4660.0
4002.265,4004.32,3997.28,3998.39,5190.0
3998.395,4000.355,3997.725,3998.65,3961.0
3998.64,3998.88,3991.935,3993.285,4496.0
3993.28,3997.67,3990.81,3997.4,4773.0
3997.365,4006.285,3996.99,4005.295,6530.0
4005.395,4007.085,4001.375,4004.24,3186.0
4004.215,4005.615,3999.115,4001.52,3699.0
4001.525,4004.21,4001.215,4002.635,4484.0
4002.65,4008.02,4002.56,4007.15,5111.0
4007.14,4007.18,4004.26,4006.27,4933.0
4006.27,4009.075,4005.17,4006.635,4131.0
4006.645,4007.87,4002.675,4006.365,4093.0
4006.34,4010.305,4006.17,4008.825,4127.0
4008.81,4010.12,4005.115,4009.6,4352.0
4009.605,4010.11,4007.845,4008.45,4625.0
4008.445,4009.03,4005.65,4006.28,4741.0
4006.32,4008.655,4006.22,4008.405,4715.0
4008.415,4009.635,4004.9,4006.085,3411.0
4006.27,4007.05,4001.055,4002.615,5210.0
4002.66,4006.2,4001.055,4003.735,4353.0
4003.72,4007.255,4002.06,4006.105,4690.0
4006.095,4008.335,4005.96,4007.125,3846.0
4007.145,4007.555,3997.905,3999.875,5617.0
3999.89,4005.67,3995.54,4003.01,4616.0
4002.955,4004.575,3999.075,4001.41,4340.0
4001.375,4003.0,4000.41,4001.35,3862.0
4001.33,4003.08,3998.77,3999.715,4541.0
3999.715,3999.785,3996.49,3998.07,4618.0
3998.125,3998.665,3988.92,3989.32,4850.0
3989.575,3992.615,3988.92,3988.975,4090.0
3988.975,3992.285,3987.905,3991.7,4296.0
3991.69,3991.92,3987.155,3988.0,5413.0
3987.995,3991.755,3987.905,3989.405,4873.0
3989.53,3990.665,3985.855,3986.26,4873.0
3986.24,3990.835,3985.735,3990.35,4581.0
3990.34,3992.475,3987.625,3988.24,3413.0
3988.22,3991.44,3987.94,3990.555,2338.0
3990.445,3993.915,3990.445,3992.81,1864.0
3992.79,3996.66,3992.74,3996.32,1657.0
3996.27,3998.96,3995.21,3998.725,1310.0
3998.745,4000.385,3998.01,4000.15,1420.0
4000.155,4000.245,3995.495,3997.56,2001.0
3997.545,3999.12,3992.18,3992.27,2080.0
3992.26,3992.44,3987.35,3987.955,1998.0
3988.04,3988.095,3986.17,3986.2,1261.0
3986.175,3987.05,3979.335,3980.46,3100.0
3980.465,3983.575,3979.34,3981.985,1930.0
3990.015,3990.075,3988.625,3989.045,35.0
3989.065,3997.02,3986.345,3987.63,1495.0
3987.63,3989.905,3983.685,3985.61,973.0
3985.73,3991.26,3984.28,3989.72,966.0
3989.775,3994.71,3989.74,3991.39,1193.0
3991.27,3992.965,3988.275,3992.45,969.0
3992.165,3992.43,3988.66,3991.04,404.0
3991.035,3994.295,3990.01,3993.93,699.0
3993.95,3994.455,3991.905,3992.565,766.0
3992.55,3992.805,3989.95,3990.2,731.0
3990.21,3991.28,3989.55,3989.94,879.0
3989.93,3990.695,3988.635,3990.075,1039.0
3990.095,3991.875,3987.015,3987.175,1016.0
3987.17,3988.13,3983.3,3985.7,2153.0
3985.78,3987.925,3983.25,3983.405,2123.0
3983.365,3993.11,3983.305,3992.11,2105.0
3992.21,3995.28,3990.94,3994.475,1190.0
3994.5,3995.42,3992.1,3995.31,935.0
3995.32,4004.3,3995.05,4002.0,2828.0
4002.005,4004.62,4000.72,4004.19,1180.0
4004.205,4004.35,4000.395,4000.72,1613.0
4000.69,4000.86,3997.265,3998.935,1452.0
3998.89,4001.55,3998.455,4000.26,913.0
4000.115,4000.235,3994.29,3998.66,1766.0
3998.655,3999.1,3994.215,3995.38,1933.0
3995.335,3996.06,3989.24,3989.24,1847.0
3989.215,3990.855,3985.425,3986.445,2074.0
3986.46,3988.81,3980.93,3981.23,2366.0
3981.29,3985.765,3972.93,3983.105,2537.0
3983.075,3984.8,3979.965,3984.545,1594.0
3984.525,3997.735,3983.57,3997.375,3014.0
3997.4,3998.485,3992.39,3992.85,2888.0
3992.83,4001.105,3992.8,3999.57,2871.0
3999.56,4002.685,3996.74,4001.7,2912.0
4001.71,4009.7,4001.295,4006.06,2928.0
4006.045,4008.52,4004.78,4006.67,2742.0
4006.65,4012.7,4004.355,4012.375,4795.0
4012.35,4019.595,4011.405,4018.01,5543.0
4018.015,4019.555,4014.085,4018.035,3992.0
4018.05,4019.805,4013.615,4013.995,4044.0
4014.04,4017.525,4012.91,4014.73,2737.0
4014.74,4017.66,4009.515,4009.865,3071.0
4009.84,4011.845,4004.665,4007.94,3570.0
4007.925,4012.555,4006.535,4007.815,3185.0
4007.795,4011.18,4007.45,4010.54,2478.0
4010.555,4015.585,4009.975,4012.995,2574.0
4013.02,4014.37,4011.035,4013.125,2777.0
4013.125,4014.43,4010.855,4011.08,2247.0
4011.1,4013.935,4010.98,4011.095,2585.0
4011.075,4013.345,4006.285,4009.785,3144.0
4009.745,4012.41,4004.41,4005.16,3205.0
4005.15,4005.76,4002.93,4004.72,1937.0
4004.7,4004.945,3997.055,3999.57,2528.0
3999.53,4001.155,3998.605,4001.015,1373.0
4000.97,4002.115,3996.765,3997.595,2669.0
3997.585,3998.155,3986.01,3990.335,4633.0
3990.385,3994.755,3989.04,3994.415,2138.0
3994.505,3994.805,3986.525,3991.0,3590.0
3990.92,3992.435,3980.5,3982.88,2827.0
3982.815,3985.91,3982.295,3984.03,1863.0
3984.015,3988.945,3983.765,3986.575,1836.0
3986.58,3988.78,3983.375,3986.385,2104.0
3986.47,3989.825,3983.925,3989.63,2860.0
3989.64,3991.09,3989.36,3990.235,1653.0
3990.075,3991.005,3986.74,3990.71,2111.0
3990.72,3994.58,3990.06,3990.46,2367.0
3990.395,3991.02,3988.23,3989.17,751.0
3989.33,3991.065,3985.325,3986.59,914.0
3986.575,3988.68,3985.39,3987.27,1451.0
3987.285,3992.03,3987.2,3991.625,1147.0
3991.65,3993.935,3990.7,3991.79,1048.0
3991.88,3993.73,3991.66,3993.07,1307.0
3993.155,3994.495,3989.565,3989.75,1237.0
3989.66,3991.415,3986.585,3988.41,2071.0
3988.435,3989.835,3985.735,3987.765,2095.0
3987.755,3988.515,3981.43,3984.75,1989.0
3984.655,3984.86,3971.615,3974.125,2927.0
3974.11,3974.81,3963.62,3971.86,4192.0
3971.865,3974.355,3967.095,3972.15,2566.0
3972.215,3974.475,3969.665,3970.205,2229.0
3970.28,3980.865,3969.295,3977.2,2532.0
3977.325,3978.72,3973.9,3975.02,1896.0
3975.135,3978.115,3971.425,3972.19,1410.0
3972.31,3977.875,3972.28,3973.695,2382.0
3973.94,3977.76,3972.0,3973.37,2375.0
3973.4,3973.515,3970.3,3972.51,1983.0
3972.585,3979.25,3971.42,3976.86,1756.0
3976.46,3980.1,3969.39,3971.54,1687.0
3971.535,3974.655,3968.795,3974.025,1800.0
3974.33,3977.3,3973.675,3975.49,1874.0
3975.48,3976.315,3963.175,3964.83,3747.0
3964.99,3965.19,3959.935,3960.16,3169.0
3960.165,3963.81,3959.02,3960.52,2523.0
3960.515,3966.125,3959.905,3965.475,1757.0
3965.44,3967.285,3961.785,3963.24,3139.0
3963.205,3968.335,3962.495,3966.535,1916.0
3966.545,3968.585,3958.77,3962.295,3194.0
3962.225,3962.285,3955.635,3957.09,2416.0
3957.045,3960.37,3953.19,3955.59,2920.0
3955.575,3959.545,3954.745,3955.305,2975.0
3955.32,3959.29,3954.505,3958.64,1433.0
3958.645,3959.585,3951.59,3953.01,2696.0
3952.995,3957.52,3951.755,3955.515,2698.0
3955.505,3955.855,3946.92,3948.22,3772.0
3948.06,3948.06,3943.59,3943.635,3838.0
3943.63,3946.85,3941.37,3946.205,3360.0
3946.17,3946.435,3939.03,3942.47,4383.0
3942.45,3943.335,3938.335,3942.525,3082.0
3942.515,3943.07,3936.185,3942.735,3113.0
3942.785,3946.515,3941.605,3943.97,3146.0
3943.99,3948.905,3940.95,3946.455,2317.0
3946.36,3947.93,3935.89,3937.95,3377.0
3937.42,3938.045,3930.75,3933.645,3948.0
3933.65,3937.635,3931.15,3931.15,3156.0
3931.155,3933.49,3921.72,3933.265,4044.0
3933.36,3934.15,3928.22,3928.415,2463.0
3928.405,3931.965,3925.395,3931.055,1906.0
3931.015,3936.555,3927.91,3935.745,3543.0
3935.735,3936.295,3932.105,3934.595,3402.0
3934.63,3934.875,3930.02,3932.495,3863.0
3932.64,3935.9,3927.425,3928.705,3521.0
3928.765,3930.95,3923.435,3925.185,2903.0
3925.21,3926.475,3921.74,3921.845,3396.0
3921.825,3924.585,3914.095,3918.595,4509.0
3918.545,3920.315,3913.075,3914.115,4708.0
3914.125,3916.95,3910.705,3914.945,4794.0
3914.75,3916.765,3910.435,3915.48,2522.0
3915.455,3916.485,3907.9,3908.16,3267.0
3908.15,3910.255,3900.595,3905.54,5046.0
3905.6,3909.265,3902.965,3907.145,3308.0
3907.19,3910.18,3900.905,3903.445,3546.0
3903.42,3904.205,3896.46,3897.275,3899.0
3897.285,3904.315,3893.75,3897.69,4316.0
3897.84,3898.18,3886.465,3890.475,4804.0
3890.655,3900.005,3888.02,3897.445,3058.0
3897.395,3907.615,3895.48,3906.22,2887.0
3906.215,3907.925,3899.045,3903.94,2335.0
3903.585,3906.725,3900.515,3904.9,2982.0
3904.855,3906.235,3901.315,3902.345,3457.0
3902.36,3903.105,3899.065,3902.11,3309.0
3902.065,3911.26,3900.315,3910.09,2535.0
3910.045,3910.785,3903.33,3904.455,2323.0
3904.405,3907.175,3901.505,3901.975,3602.0
3901.965,3905.53,3897.63,3904.635,3024.0
3904.64,3907.85,3902.645,3907.755,3086.0
3907.785,3909.23,3902.65,3904.02,2800.0
3904.015,3906.045,3901.31,3902.12,3038.0
3902.17,3906.53,3900.2,3905.385,2998.0
3905.135,3906.36,3900.065,3902.69,3569.0
3902.675,3909.375,3901.875,3905.32,2217.0
3905.295,3914.21,3904.63,3913.555,3291.0
3913.51,3916.505,3911.12,3916.26,3181.0
3916.225,3922.995,3912.94,3915.66,3747.0
3915.515,3923.865,3915.075,3922.97,3439.0
3922.82,3931.53,3919.87,3926.295,3775.0
3926.335,3928.135,3922.625,3926.74,3119.0
3926.84,3927.49,3915.81,3916.965,5809.0
3916.845,3918.31,3913.19,3917.705,4066.0
3917.54,3918.86,3912.095,3916.22,4832.0
3916.215,3920.39,3910.94,3917.82,4222.0
3917.845,3920.615,3916.63,3920.425,3385.0
3920.36,3920.81,3917.655,3918.23,4281.0
3918.185,3927.015,3917.69,3923.205,4279.0
3923.22,3924.055,3921.835,3921.995,3132.0
3921.95,3928.96,3921.84,3928.085,4831.0
3927.98,3929.485,3927.335,3928.355,2595.0
3928.255,3930.1,3927.385,3928.03,3118.0
3928.035,3928.68,3921.99,3923.455,3917.0
3923.45,3928.94,3923.44,3925.835,5145.0
3925.825,3926.73,3921.665,3925.145,2312.0
3925.29,3926.81,3924.16,3926.315,2297.0
3926.305,3929.89,3925.785,3929.025,3096.0
3928.97,3928.97,3924.57,3926.04,5421.0
3926.055,3928.665,3921.745,3921.84,4547.0
3921.725,3923.95,3918.805,3922.715,6420.0
3922.615,3926.28,3919.305,3920.41,5024.0
3920.43,3921.045,3915.575,3916.2,3340.0
3916.22,3916.585,3910.03,3910.99,4470.0
3910.895,3911.22,3905.42,3910.0,5043.0
3909.965,3913.72,3908.525,3912.815,4877.0
3912.95,3928.0,3912.26,3927.905,7090.0
3927.87,3929.28,3922.45,3925.825,5007.0
3925.82,3926.575,3921.865,3923.11,5959.0
3923.135,3933.585,3922.86,3932.95,4770.0
3932.91,3933.44,3926.265,3929.995,4654.0
3929.99,3933.985,3927.585,3932.625,4356.0
3932.705,3933.865,3923.95,3924.11,6606.0
3924.435,3929.965,3922.73,3925.4,6003.0
3925.595,3925.845,3915.05,3922.765,8218.0
3922.765,3931.415,3919.8,3931.095,8506.0
3931.145,3936.775,3930.92,3934.21,8459.0
3934.26,3940.445,3931.82,3939.085,5779.0
3939.015,3942.805,3938.81,3941.17,5658.0
3941.205,3944.77,3940.15,3941.28,5332.0
3941.295,3944.435,3934.935,3939.065,5890.0
3939.19,3942.35,3938.455,3939.33,5938.0
3939.325,3943.09,3939.315,3941.315,6907.0
3941.3,3950.15,3941.25,3949.845,6603.0
3949.83,3950.295,3944.71,3948.555,5588.0
3948.56,3949.235,3943.97,3944.76,5349.0
3944.73,3947.885,3939.825,3946.175,6085.0
3946.17,3950.855,3942.64,3949.545,3762.0
3949.655,3954.065,3947.88,3949.34,5681.0
3949.525,3953.175,3947.75,3949.72,3806.0
3949.725,3954.475,3947.035,3952.83,6660.0
3952.81,3955.775,3950.315,3954.765,4169.0
3954.8,3960.18,3954.145,3959.285,6271.0
3959.265,3960.585,3957.395,3958.58,3656.0
3958.535,3960.075,3957.16,3959.935,2441.0
3959.94,3960.505,3956.645,3958.545,3506.0
3958.435,3964.71,3957.595,3963.225,3904.0
3963.25,3964.29,3960.415,3963.58,2719.0
3963.54,3964.785,3962.935,3963.57,2978.0
3963.555,3966.985,3963.42,3966.14,2241.0
3966.065,3969.615,3965.305,3965.82,2885.0
3965.81,3968.11,3964.305,3964.89,2347.0
3964.94,3965.605,3954.92,3957.55,3858.0
3957.595,3962.82,3954.975,3960.145,5492.0
3960.14,3965.035,3959.37,3963.51,3060.0
3963.485,3964.985,3961.035,3963.82,3414.0
3963.835,3964.99,3961.005,3963.6,2476.0
3963.67,3964.26,3962.14,3963.25,1295.0
3963.275,3964.87,3956.365,3958.495,5109.0
3958.44,3961.76,3951.155,3955.72,5031.0
3955.735,3956.885,3952.255,3955.67,5081.0
3955.65,3958.255,3952.945,3956.33,2970.0
3956.395,3959.26,3953.52,3957.79,2451.0
3957.79,3959.925,3956.335,3958.73,3834.0
3958.735,3959.91,3956.795,3957.18,2844.0
3957.185,3966.55,3956.95,3965.555,3409.0
3965.52,3969.94,3962.43,3969.66,2540.0
3969.675,3969.95,3964.38,3964.945,1700.0
3964.94,3970.115,3964.585,3968.705,2072.0
3968.67,3970.465,3966.79,3967.345,2539.0
3967.375,3969.265,3961.615,3965.86,3122.0
3965.835,3967.68,3964.395,3965.045,2013.0
3965.065,3966.755,3963.635,3964.06,1418.0
3964.12,3965.43,3956.6,3957.395,1746.0
3957.305,3960.58,3955.38,3960.105,3615.0
3960.1,3965.39,3959.28,3962.35,2117.0
3962.405,3964.155,3957.385,3957.795,3374.0
3957.825,3959.665,3955.135,3957.465,2513.0
3957.47,3960.56,3957.465,3959.595,1097.0
3959.625,3960.1,3957.69,3958.935,1170.0
3958.925,3960.695,3956.495,3957.075,2207.0
3957.065,3957.07,3952.635,3954.605,2869.0
3954.625,3955.305,3945.15,3948.105,4230.0
3948.18,3950.36,3946.235,3948.755,2688.0
3948.72,3952.87,3948.195,3952.11,2748.0
3952.085,3952.815,3949.61,3951.735,1771.0
3951.74,3956.815,3951.31,3956.8,2020.0
3956.705,3957.485,3954.425,3956.47,3013.0
3956.465,3957.62,3954.945,3957.155,3285.0
3957.145,3958.715,3955.04,3957.285,3844.0
3957.3,3957.35,3951.12,3953.695,2593.0
3953.69,3958.83,3952.085,3955.05,3530.0
3955.025,3957.615,3953.83,3955.63,3738.0
3955.625,3958.015,3954.665,3955.75,2419.0
3955.775,3957.1,3950.805,3955.745,2413.0
3955.775,3957.64,3955.08,3956.045,1258.0
3956.24,3956.98,3954.815,3956.52,1204.0
3956.575,3957.445,3955.145,3957.18,1757.0
3957.165,3962.765,3955.195,3962.685,4147.0
3962.765,3962.775,3958.99,3960.395,4156.0
3960.28,3961.01,3957.875,3958.19,1254.0
3958.22,3958.545,3951.685,3954.5,1652.0
3954.515,3954.735,3952.465,3954.4,698.0
3954.375,3957.775,3953.79,3954.535,1102.0
3954.595,3955.695,3951.87,3952.04,781.0
3952.03,3952.72,3949.78,3951.42,1340.0
3951.44,3954.49,3951.44,3954.25,1062.0
3954.255,3956.585,3953.15,3953.76,1874.0
3953.78,3956.19,3953.265,3955.205,777.0
3955.26,3955.26,3950.86,3954.395,669.0
3954.385,3955.495,3950.19,3950.35,622.0
3950.31,3953.105,3950.31,3953.0,556.0
3955.945,3956.025,3955.91,3955.93,7.0
3955.465,3955.75,3907.925,3933.9,1685.0
3933.995,3946.675,3933.815,3937.12,2890.0
3937.25,3942.485,3936.5,3939.435,1970.0
3939.285,3941.525,3926.545,3940.35,2300.0
3940.33,3950.605,3935.855,3946.5,1850.0
3946.54,3946.54,3941.61,3941.815,1055.0
3942.065,3944.72,3939.805,3943.725,1112.0
3943.71,3947.955,3942.47,3943.425,1161.0
3943.425,3943.425,3934.625,3939.62,1717.0
3939.635,3941.445,3934.56,3935.54,1819.0
3935.56,3938.615,3933.96,3934.17,1538.0
3934.165,3942.855,3934.11,3942.755,1769.0
3942.885,3945.08,3940.965,3945.08,1159.0
3945.15,3949.26,3944.68,3947.575,979.0
3947.56,3953.705,3947.08,3953.53,821.0
3953.51,3954.325,3950.625,3952.95,982.0
3952.965,3954.135,3950.94,3951.12,722.0
3950.97,3952.5,3949.655,3949.7,668.0
3949.695,3951.4,3947.475,3949.735,892.0
3949.565,3959.87,3948.255,3959.84,1548.0
3959.855,3961.315,3955.02,3958.035,1255.0
3957.93,3962.245,3957.635,3960.62,2219.0
3960.555,3967.85,3960.35,3964.945,2800.0
3964.94,3969.32,3961.33,3969.03,2816.0
3969.005,3969.07,3962.065,3962.11,2498.0
3962.18,3966.705,3959.195,3961.88,2071.0
3961.905,3967.085,3959.7,3967.075,1509.0
3967.08,3970.56,3964.81,3969.485,1318.0
3969.465,3972.245,3964.635,3971.145,1146.0
3971.01,3972.24,3967.035,3971.645,2137.0
3971.6,3975.35,3971.165,3975.17,1488.0
3975.12,3982.495,3975.065,3981.595,3123.0
3981.67,3982.26,3976.985,3978.235,2765.0
3978.385,3978.595,3972.29,3975.345,2663.0
3975.245,3977.4,3973.645,3975.325,1993.0
3975.285,3978.27,3973.86,3974.125,4221.0
3974.545,3978.96,3968.685,3978.085,2941.0
3978.035,3979.9,3976.05,3977.145,2543.0
3977.11,3978.285,3973.125,3976.355,2985.0
3976.335,3979.37,3975.405,3977.53,3398.0
3977.535,3977.885,3972.545,3973.51,3039.0
3973.46,3974.9,3969.22,3970.645,3487.0
3970.695,3974.335,3969.645,3969.695,2642.0
3969.69,3970.43,3966.225,3967.745,4253.0
3967.61,3977.255,3967.115,3972.46,3507.0
3972.495,3976.08,3971.865,3975.795,2019.0
3975.805,3976.865,3971.57,3973.75,3158.0
3973.745,3974.38,3969.045,3969.78,2892.0
3969.755,3973.305,3969.325,3971.63,1971.0
3971.66,3972.06,3965.155,3966.755,2092.0
3966.68,3970.27,3965.185,3968.685,1846.0
3968.655,3968.74,3962.27,3965.685,1901.0
3965.72,3965.995,3963.26,3963.685,2643.0
3963.72,3965.065,3951.945,3955.715,4100.0
3955.73,3955.945,3943.825,3953.105,4885.0
3953.155,3956.265,3948.705,3954.44,3234.0
3954.455,3959.56,3951.425,3959.525,2474.0
3959.53,3960.555,3956.025,3957.23,2275.0
3957.24,3961.65,3956.565,3961.285,3509.0
3961.315,3963.63,3960.34,3962.055,2632.0
3962.06,3964.295,3960.165,3960.545,2783.0
3960.62,3962.275,3958.85,3959.355,3355.0
3959.375,3965.345,3958.62,3963.35,3725.0
3963.335,3969.91,3961.06,3969.345,4023.0
3969.41,3970.39,3964.185,3964.795,3202.0
3964.635,3968.505,3963.28,3967.56,2704.0
3967.555,3972.04,3967.505,3971.28,2345.0
3971.27,3972.45,3969.27,3969.77,2519.0
3969.775,3970.78,3968.435,3969.84,1600.0
3969.935,3970.465,3965.535,3966.71,1049.0
3966.675,3968.0,3962.47,3963.525,1552.0
3963.53,3964.14,3962.1,3962.74,1673.0
3962.755,3963.105,3959.71,3962.945,1779.0
3962.98,3965.075,3955.67,3955.995,3151.0
3956.0,3962.055,3953.475,3959.12,3864.0
3959.1,3960.195,3957.425,3957.45,2364.0
3957.47,3957.7,3951.01,3953.425,2274.0
3953.425,3957.04,3952.365,3957.01,1696.0
3956.995,3959.395,3955.83,3956.74,1038.0
3956.725,3960.27,3956.51,3959.0,1174.0
3959.015,3959.37,3953.36,3955.58,1075.0
3955.59,3957.895,3954.82,3954.88,869.0
3954.825,3954.88,3951.655,3952.085,1067.0
3952.23,3963.225,3950.79,3963.015,2311.0
3963.085,3963.545,3956.225,3956.4,1486.0
3956.415,3957.075,3951.165,3956.055,1614.0
3956.215,3960.975,3953.58,3960.425,2040.0
3960.44,3960.795,3958.325,3960.115,1180.0
3960.235,3960.26,3957.28,3957.95,1440.0
3957.975,3966.1,3954.105,3965.815,2741.0
3965.9,3966.39,3962.925,3964.065,2010.0
3963.915,3965.205,3962.385,3965.105,1511.0
3965.085,3965.745,3960.875,3961.49,2498.0
3961.455,3965.01,3960.18,3961.025,1579.0
3960.94,3964.21,3957.8,3962.765,2911.0
3962.725,3966.095,3960.075,3965.655,3019.0
3965.735,3970.73,3965.635,3968.69,2131.0
3968.67,3969.99,3966.53,3968.595,3753.0
3968.615,3969.445,3966.22,3966.37,1898.0
3966.385,3971.675,3966.235,3971.265,2306.0
3971.255,3974.325,3969.59,3970.79,2986.0
3970.795,3978.245,3970.25,3976.785,3061.0
3976.795,3978.495,3976.3,3977.505,1837.0
3977.52,3981.925,3975.47,3981.19,3090.0
3981.05,3984.81,3980.26,3981.9,3124.0
3981.97,3982.84,3976.82,3980.09,2629.0
3980.0,3980.025,3974.84,3978.38,2374.0
3978.345,3984.415,3974.89,3984.205,3701.0
3984.21,3985.25,3981.56,3985.25,2793.0
3985.305,3997.36,3985.305,3995.26,5021.0
3995.265,3998.175,3993.815,3996.985,3620.0
3996.965,3998.075,3993.32,3996.26,3031.0
3996.255,3998.8,3995.24,3996.61,3485.0
3996.615,3997.505,3991.725,3993.55,4027.0
3993.535,3994.825,3989.945,3991.43,2973.0
3991.405,3997.135,3990.31,3995.035,3105.0
3995.03,3996.32,3991.465,3996.315,3201.0
3996.35,3998.24,3994.74,3998.215,2045.0
3998.15,4001.765,3996.895,4001.765,2248.0
4001.77,4007.92,4000.485,4006.5,4108.0
4006.475,4010.04,4005.515,4009.96,2152.0
4009.91,4010.095,4005.76,4007.39,2091.0
4007.23,4008.91,4003.66,4008.905,1885.0
4008.885,4010.82,4005.995,4009.965,2540.0
4009.99,4011.285,4008.825,4010.36,2008.0
4010.17,4014.0,4009.715,4011.225,1844.0
4011.2,4012.4,4007.275,4007.705,2519.0
4007.72,4012.7,4007.695,4011.055,1705.0
4010.98,4015.71,4010.42,4011.0,2709.0
4011.01,4015.75,4010.25,4015.55,2445.0
4015.615,4018.595,4015.36,4017.015,2046.0
4016.98,4019.95,4016.14,4017.94,2189.0
4017.875,4021.795,4015.985,4020.115,3499.0
4020.07,4020.455,4015.285,4016.345,4097.0
4016.555,4020.09,4013.5,4018.01,3164.0
4017.955,4019.985,4017.51,4018.305,2849.0
4018.295,4019.235,4015.87,4017.35,1960.0
4017.36,4020.815,4015.74,4020.01,3731.0
4020.015,4020.67,4016.35,4017.38,3365.0
4017.385,4019.72,4016.25,4019.565,3104.0
4019.56,4028.355,4019.36,4027.78,3567.0
4027.895,4029.485,4026.7,4027.87,4472.0
4027.865,4029.68,4022.29,4023.935,3569.0
4023.98,4025.96,4020.575,4022.325,3146.0
4022.355,4024.58,4017.08,4022.775,3199.0
4022.77,4024.89,4020.165,4022.24,2817.0
4022.265,4029.1,4021.48,4027.6,2779.0
4027.615,4029.67,4026.92,4027.79,3141.0
4027.805,4027.89,4024.62,4024.655,3174.0
4024.575,4026.365,4022.42,4025.415,2321.0
4025.51,4028.365,4021.215,4028.355,3914.0
4028.315,4029.595,4023.93,4026.305,3403.0
4026.33,4029.835,4026.055,4026.655,3335.0
4026.63,4026.7,4023.8,4025.55,2687.0
4025.575,4026.235,4022.915,4023.59,2191.0
4023.605,4027.62,4023.185,4026.6,2191.0
4026.58,4027.38,4025.42,4026.545,2207.0
4026.525,4028.565,4022.18,4022.28,3312.0
4022.26,4023.435,4018.885,4019.69,4320.0
4019.685,4025.68,4019.46,4022.735,3853.0
4022.75,4023.07,4018.115,4018.43,4161.0
4018.555,4021.1,4014.735,4017.145,4997.0
4017.195,4020.16,4014.64,4017.865,4252.0
4017.885,4020.125,4016.52,4018.165,2433.0
4018.145,4018.48,4013.54,4014.775,4157.0
4014.745,4017.625,4014.165,4015.845,3809.0
4015.83,4019.635,4014.235,4016.61,3772.0
4016.64,4019.15,4013.53,4017.37,3910.0
4017.395,4019.695,4016.01,4017.98,4964.0
4018.025,4029.28,4017.25,4028.445,5846.0
4028.45,4030.34,4023.05,4024.355,4662.0
4024.35,4028.585,4023.29,4027.79,5114.0
4027.775,4029.4,4025.065,4026.395,5874.0
4026.415,4028.89,4025.065,4026.15,3415.0
4025.99,4026.405,4022.175,4022.23,2585.0
4022.15,4026.305,4021.955,4026.175,3388.0
4026.19,4026.415,4023.4,4025.36,3200.0
4025.505,4028.125,4023.24,4023.785,4203.0
4023.875,4025.83,4023.495,4025.55,4868.0
4025.56,4025.79,4014.83,4014.85,5640.0
4014.88,4018.8,4014.45,4016.92,4317.0
4016.945,4020.38,4010.115,4012.665,3920.0
4012.68,4019.365,4012.635,4017.025,3863.0
4017.03,4018.28,4015.25,4018.28,3455.0
4018.445,4019.73,4016.695,4018.6,2698.0
4018.66,4019.47,4009.075,4010.475,7481.0
4010.485,4012.94,4004.375,4006.73,8637.0
4006.76,4009.67,4002.39,4006.87,6840.0
4006.77,4009.38,4002.685,4007.195,5238.0
4007.24,4012.115,4003.965,4010.64,6041.0
4010.625,4014.105,4009.325,4012.47,5933.0
4012.475,4019.705,4011.575,4017.63,6255.0
4017.605,4022.51,4016.945,4020.335,6819.0
4020.4,4021.1,4014.95,4017.05,5812.0
4017.08,4019.675,4015.745,4017.785,7109.0
4017.735,4020.02,4014.39,4017.485,5478.0
4017.51,4018.78,4016.27,4016.785,3453.0
4016.775,4021.06,4016.255,4017.335,3276.0
4017.36,4019.75,4011.855,4013.725,5858.0
4013.735,4013.89,4009.215,4010.265,5249.0
4010.255,4014.495,4007.715,4014.495,3951.0
4014.385,4015.13,4010.235,4012.625,4237.0
4012.62,4013.145,4007.19,4008.45,7326.0
4008.45,4010.67,4004.565,4007.77,5660.0
4007.775,4010.555,4006.13,4010.415,5783.0
4010.415,4012.025,4007.09,4009.495,6275.0
4009.5,4010.13,4005.04,4007.795,4890.0
4007.78,4008.865,4004.98,4007.42,5955.0
4007.485,4010.06,4001.61,4006.67,5377.0
4006.675,4008.915,4005.035,4005.9,3723.0
4005.9,4007.96,4003.29,4004.96,3045.0
4004.955,4006.145,4002.9,4004.11,2972.0
4004.105,4004.11,3996.005,3997.52,6737.0
3997.525,3997.66,3989.52,3992.24,7925.0
3992.18,3995.565,3989.81,3993.1,5116.0
3993.225,3994.685,3991.705,3993.425,5067.0
3993.42,3998.41,3991.435,3998.24,4150.0
3998.275,3999.725,3996.935,3997.48,3898.0
3997.46,4001.24,3996.145,4001.025,3648.0
4001.0,4001.08,3998.35,3999.795,3165.0
3999.8,4000.595,3997.16,3998.645,2374.0
3998.6,3998.74,3996.165,3998.485,1843.0
3998.48,3998.72,3993.165,3994.77,3446.0
3994.78,3996.065,3994.06,3995.21,2667.0
3995.18,3999.73,3994.995,3999.55,2654.0
3999.525,4000.005,3993.43,3994.8,2319.0
3994.815,3994.9,3992.195,3992.865,2395.0
3992.795,3993.27,3991.18,3992.39,3478.0
3992.445,3994.77,3989.4,3994.385,3665.0
3994.38,3997.9,3993.78,3997.9,3305.0
3997.875,3997.94,3993.755,3993.755,3974.0
3993.77,3995.42,3989.78,3992.46,3628.0
3992.64,3993.375,3985.98,3987.075,4012.0
3987.085,3993.605,3986.4,3993.515,3225.0
3993.49,3994.935,3991.67,3994.35,1843.0
3994.305,3995.425,3991.425,3992.06,2077.0
3991.91,3995.29,3991.505,3994.89,1397.0
3994.9,3995.875,3993.19,3995.29,1092.0
3995.345,3995.99,3993.825,3994.84,625.0
3994.9,4007.875,3978.655,3993.655,12206.0
3993.67,3997.81,3986.61,3993.18,10447.0
3993.23,3993.605,3982.42,3983.285,5870.0
3983.32,3989.595,3983.32,3987.79,4748.0
3987.82,3989.55,3980.265,3981.53,5179.0
3981.52,3983.865,3976.79,3981.14,5126.0
3981.385,3989.83,3978.185,3985.615,6948.0
3985.62,3986.75,3951.295,3951.555,15895.0
3951.535,3957.245,3942.71,3954.245,14361.0
3954.335,3962.685,3947.85,3950.57,12464.0
3950.57,3960.395,3949.8,3956.63,9435.0
3956.6,3972.755,3956.415,3969.4,8818.0
3969.315,3979.9,3953.54,3955.63,10374.0
3955.61,3968.975,3955.61,3963.88,7897.0
3963.875,3971.53,3961.92,3970.62,6253.0
3970.68,3972.24,3964.54,3965.54,5488.0
3965.625,3974.755,3957.15,3960.225,6543.0
3960.255,3967.375,3951.4,3953.39,6995.0
3953.515,3954.82,3937.935,3946.815,8809.0
3946.775,3946.89,3939.155,3940.065,5527.0
3940.1,3942.17,3927.86,3929.19,7492.0
3929.18,3945.04,3929.135,3942.22,7496.0
3942.28,3949.74,3942.19,3945.575,6933.0
3945.555,3948.255,3943.65,3945.825,7611.0
3945.845,3949.7,3936.26,3942.525,4738.0
3942.635,3943.235,3932.68,3938.51,2787.0
3938.49,3943.895,3935.54,3941.25,1509.0
3941.285,3942.62,3937.245,3939.03,1402.0
3939.03,3953.525,3937.28,3952.425,2353.0
3952.445,3954.375,3942.68,3948.915,3102.0
3948.93,3950.435,3945.05,3946.92,2515.0
3946.915,3947.675,3943.615,3944.84,1526.0
3944.88,3946.075,3935.275,3936.46,2349.0
3936.43,3941.38,3932.39,3933.655,1947.0
3933.625,3933.77,3927.955,3929.61,1882.0
3929.785,3931.44,3928.36,3930.615,1472.0
3921.61,3921.835,3921.58,3921.73,24.0
3921.74,3935.275,3916.59,3930.175,2157.0
3930.18,3939.875,3929.935,3937.825,2146.0
3937.85,3945.045,3930.0,3930.815,2244.0
3930.83,3932.84,3924.96,3932.795,1708.0
3932.955,3940.965,3932.165,3937.36,1775.0
3937.48,3937.86,3931.44,3935.345,1549.0
3935.3,3940.965,3934.55,3939.56,1891.0
3939.57,3942.41,3938.095,3941.395,1312.0
3941.57,3948.515,3940.61,3946.33,2039.0
3946.38,3947.125,3943.01,3944.335,760.0
3944.515,3946.42,3940.92,3941.45,1158.0
3941.46,3943.61,3939.695,3942.84,1452.0
3942.725,3948.76,3941.78,3942.26,1935.0
3942.325,3947.55,3941.965,3946.255,1193.0
3946.25,3948.86,3943.96,3946.585,957.0
3946.57,3950.205,3946.335,3949.72,1297.0
3949.745,3951.27,3948.775,3950.455,1065.0
3950.47,3950.77,3948.255,3950.215,587.0
3950.22,3950.22,3947.325,3949.625,748.0
3949.62,3949.66,3944.135,3945.115,1274.0
3945.11,3952.075,3941.225,3951.99,1243.0
3951.925,3951.975,3946.885,3946.885,1601.0
3946.865,3954.335,3946.665,3952.975,1675.0
3952.93,3963.49,3952.1,3959.03,2870.0
3959.01,3960.655,3956.555,3959.73,2147.0
3959.735,3959.88,3955.095,3956.775,1876.0
3956.75,3961.52,3955.115,3961.26,721.0
3961.31,3964.36,3957.915,3958.975,1279.0
3958.985,3961.28,3955.55,3959.995,1664.0
3960.0,3960.16,3955.835,3957.185,812.0
3957.125,3957.72,3947.975,3950.11,1698.0
3950.035,3951.295,3941.38,3942.035,2306.0
3942.02,3951.3,3938.09,3944.82,3921.0
3944.705,3948.81,3941.98,3947.375,2312.0
3947.405,3953.745,3947.375,3950.48,1644.0
3950.485,3962.545,3950.4,3960.35,3584.0
3960.345,3966.8,3954.92,3955.335,3410.0
3955.435,3955.435,3945.615,3950.68,3412.0
3950.67,3951.98,3947.34,3950.7,2938.0
3950.695,3957.465,3950.29,3952.71,4193.0
3952.965,3953.34,3945.24,3950.44,3804.0
3950.43,3957.355,3948.61,3956.96,2865.0
3957.005,3960.02,3949.5,3949.55,3327.0
3949.545,3958.18,3947.82,3957.89,2990.0
3957.895,3958.65,3950.62,3951.675,3791.0
3951.62,3953.765,3949.045,3949.195,1712.0
3949.22,3951.34,3945.845,3948.15,2743.0
3948.09,3948.445,3937.345,3937.555,3994.0
3937.565,3942.935,3931.465,3932.125,4513.0
3932.12,3938.415,3926.28,3936.775,4507.0
3936.78,3938.01,3933.545,3936.785,3104.0
3936.795,3938.58,3933.39,3934.115,2062.0
3934.13,3936.605,3932.48,3934.01,1719.0
3934.24,3940.16,3930.795,3938.22,3356.0
3938.205,3942.175,3935.745,3938.085,2432.0
3937.99,3940.94,3935.745,3936.995,2168.0
3937.0,3938.58,3928.36,3929.635,2474.0
3929.625,3932.685,3926.03,3929.0,2404.0
3928.99,3929.715,3921.825,3921.96,2713.0
3922.055,3922.685,3915.52,3920.27,4122.0
3920.295,3928.59,3920.13,3924.59,3625.0
3924.565,3929.7,3923.915,3929.01,2883.0
3928.965,3930.755,3926.04,3930.66,4295.0
3930.65,3932.055,3929.19,3930.77,2454.0
3930.84,3934.935,3929.43,3933.035,2513.0
3933.08,3937.21,3932.625,3935.12,2126.0
3935.27,3937.65,3935.255,3936.57,1746.0
3936.615,3936.88,3931.78,3932.76,2526.0
3932.735,3933.97,3930.315,3930.475,1260.0
3930.575,3936.44,3929.925,3934.455,2189.0
3934.445,3938.305,3932.125,3938.21,1351.0
3938.235,3942.085,3936.495,3936.775,2185.0
3936.775,3943.675,3934.735,3941.365,2892.0
3941.385,3943.835,3939.875,3943.445,1487.0
3943.24,3949.765,3941.545,3948.925,1959.0
3948.8,3953.785,3947.325,3952.305,2634.0
3952.255,3959.61,3952.125,3959.61,1780.0
3959.605,3970.505,3958.7,3969.265,3742.0
3969.29,3982.665,3966.055,3973.075,6339.0
3973.05,3980.495,3972.665,3978.995,2564.0
3979.035,3981.915,3974.495,3978.365,2419.0
3978.39,3981.89,3973.825,3974.57,2521.0
3974.53,3976.065,3971.61,3972.47,2518.0
3972.505,3978.24,3970.6,3971.4,3624.0
3971.4,3974.02,3968.995,3972.56,2034.0
3972.62,3973.115,3961.57,3963.01,3047.0
3962.94,3964.745,3957.56,3958.465,2765.0
3958.485,3965.07,3958.01,3958.135,3249.0
3958.125,3958.14,3948.65,3950.46,3284.0
3950.26,3954.95,3947.035,3954.95,4756.0
3954.87,3959.25,3954.595,3957.55,3027.0
3957.555,3963.585,3957.55,3962.68,3010.0
3962.685,3971.09,3961.46,3968.725,2847.0
3968.75,3973.83,3964.74,3965.07,3270.0
3965.085,3965.51,3960.935,3963.975,2437.0
3963.985,3971.115,3961.285,3967.21,3948.0
3967.185,3970.335,3963.0,3964.8,2594.0
3964.785,3966.1,3956.22,3962.385,2767.0
3962.41,3966.82,3958.96,3966.425,1988.0
3966.435,3970.82,3958.565,3963.505,3943.0
3963.52,3967.14,3960.025,3964.91,2285.0
3964.895,3968.335,3960.88,3961.86,2957.0
3961.845,3964.825,3956.89,3961.25,4296.0
3961.205,3965.82,3959.955,3965.655,2120.0
3965.705,3968.63,3961.735,3967.545,1953.0
3967.545,3968.165,3963.965,3966.525,1535.0
3966.515,3977.415,3966.075,3976.96,3454.0
3976.955,3977.54,3971.105,3974.745,3809.0
3974.675,3974.9,3969.2,3970.61,2671.0
3970.615,3976.075,3970.095,3970.555,2843.0
3970.565,3972.775,3967.67,3969.085,2900.0
3969.08,3972.675,3968.45,3968.795,2258.0
3968.81,3968.87,3960.345,3968.705,3168.0
3968.73,3969.815,3960.845,3961.66,1974.0
3961.72,3965.74,3958.545,3963.545,3032.0
3963.58,3966.41,3960.955,3962.275,3039.0
3962.28,3962.28,3959.125,3959.98,2958.0
3959.985,3960.855,3957.85,3958.95,2780.0
3958.945,3961.335,3955.94,3961.28,3070.0
3961.295,3967.425,3960.36,3964.435,4274.0
3964.415,3966.225,3960.855,3964.99,2882.0
3964.995,3969.47,3964.235,3965.735,2263.0
3965.77,3972.02,3964.355,3969.315,3216.0
3969.305,3970.13,3966.145,3967.63,2949.0
3967.59,3974.72,3967.315,3973.095,2934.0
3973.085,3974.185,3969.205,3971.175,2377.0
3971.135,3971.94,3968.47,3971.94,1398.0
3971.95,3975.43,3970.435,3973.95,2078.0
3973.955,3974.46,3971.545,3971.69,2880.0
3971.735,3975.205,3971.725,3973.51,1664.0
3973.495,3977.02,3972.41,3976.585,1496.0
3976.56,3990.205,3976.155,3989.285,2565.0
3989.26,3998.2,3989.095,3995.155,2711.0
3995.15,4006.995,3995.045,4005.35,3596.0
4005.375,4011.705,4002.55,4004.595,3307.0
4004.585,4008.325,4000.125,4000.88,1877.0
4000.75,4004.82,3999.96,4004.515,2603.0
4004.495,4005.595,4001.34,4002.17,2901.0
4002.165,4007.535,4001.78,4005.835,3188.0
4005.875,4006.025,4000.13,4005.785,2681.0
4005.775,4006.4,3995.345,3995.67,2539.0
3995.71,4000.905,3992.35,3997.79,3269.0
3997.775,4000.82,3996.385,3998.69,2840.0
3998.68,4000.925,3996.215,3998.03,3147.0
3998.045,4000.0,3997.235,3997.405,2897.0
3997.325,3999.475,3996.77,3998.335,1331.0
3998.345,3999.38,3993.66,3993.69,2989.0
3993.695,3993.725,3982.525,3986.12,3963.0
3986.11,3990.74,3985.74,3987.09,2940.0
3987.065,3988.215,3979.305,3979.51,3964.0
3979.515,3981.8,3973.655,3981.575,3981.0
3981.58,3984.055,3979.62,3982.34,3380.0
3982.335,3984.605,3979.8,3982.175,2929.0
3982.22,3987.055,3981.295,3986.04,2517.0
3986.03,3987.04,3982.125,3984.19,2906.0
3984.245,3985.045,3981.34,3982.58,3338.0
3982.585,3983.325,3978.47,3978.73,4010.0
3978.735,3981.875,3976.835,3977.265,3097.0
3977.245,3977.68,3971.27,3971.66,3649.0
3971.755,3972.68,3964.02,3971.055,4330.0
3971.075,3971.075,3964.97,3966.145,2373.0
3966.125,3972.69,3965.195,3972.6,2866.0
3972.63,3976.6,3971.37,3973.34,3428.0
3973.37,3973.975,3970.12,3973.5,2160.0
3973.49,3976.14,3971.11,3973.36,1670.0
3973.295,3974.47,3970.97,3973.325,3197.0
3973.385,3976.815,3972.8,3974.515,2911.0
3974.55,3982.175,3973.57,3978.2,5924.0
3978.54,3981.81,3978.085,3979.53,4245.0
3979.545,3983.02,3973.745,3982.35,4137.0
3982.335,3985.685,3979.855,3980.24,5101.0
3980.215,3984.4,3977.625,3977.97,5127.0
3978.02,3980.865,3970.795,3970.98,4180.0
3970.965,3975.01,3966.63,3971.675,4560.0
3971.715,3979.325,3971.595,3976.745,3614.0
3976.735,3980.265,3976.04,3976.9,4350.0
3976.89,3978.89,3967.55,3967.56,5077.0
3967.57,3974.35,3967.115,3972.415,5202.0
3972.405,3973.485,3961.215,3961.48,5818.0
3961.44,3975.985,3960.32,3974.76,7258.0
3974.765,3977.31,3970.945,3972.505,6806.0
3972.44,3977.665,3971.83,3975.425,3603.0
3975.535,3976.285,3971.245,3973.875,3855.0
3973.885,3976.205,3970.895,3975.215,5201.0
3975.15,3976.195,3969.455,3969.675,4331.0
3969.775,3979.2,3966.79,3969.48,6200.0
3969.495,3975.215,3964.905,3969.03,7323.0
3969.0,3975.475,3963.27,3975.355,8458.0
3975.38,3981.545,3973.91,3975.66,8162.0
3975.835,3990.32,3975.025,3987.855,8257.0
3987.85,3995.365,3987.44,3995.365,8789.0
3995.385,4000.735,3991.925,3998.04,7804.0
3998.065,4014.255,3997.24,4009.785,9418.0
4009.795,4015.1,4005.55,4011.24,8545.0
4011.28,4013.485,4004.815,4007.335,9892.0
4007.37,4010.01,3996.57,4003.37,8294.0
4003.375,4003.67,3995.83,3998.545,8672.0
3998.555,4001.135,3992.34,3996.125,7745.0
3996.12,3996.79,3988.04,3991.585,6590.0
3991.58,3994.24,3986.925,3993.39,6751.0
3993.31,4002.305,3989.395,3999.235,5331.0
3999.27,4000.42,3995.28,3996.52,4645.0
3996.525,3998.48,3990.56,3996.425,3784.0
3996.4,3999.95,3990.395,3995.755,6188.0
3995.75,3997.135,3988.17,3996.255,5877.0
3996.075,4004.215,3995.905,4000.39,3772.0
4000.17,4002.97,3997.985,4001.025,2872.0
4001.07,4001.48,3996.42,3996.585,3664.0
3996.58,4000.47,3994.495,3998.935,3618.0
3998.875,4002.595,3997.87,4001.845,2024.0
4001.855,4003.915,3998.88,4001.33,2825.0
4001.235,4005.485,3998.955,4004.785,2962.0
4004.82,4008.775,4002.695,4005.87,5898.0
4005.905,4006.575,4003.085,4004.895,4115.0
4004.885,4007.645,4000.78,4001.76,5934.0
4001.75,4004.135,3995.38,3997.47,3934.0
3997.55,4001.45,3996.465,3998.28,2011.0
3998.195,3999.7,3994.245,3995.21,1069.0
3995.275,3998.81,3991.92,3995.84,4099.0
3995.77,3996.78,3992.095,3993.985,4690.0
3994.015,3996.975,3991.165,3995.515,3880.0
3995.48,4000.865,3994.885,3997.455,2814.0
3997.44,3999.25,3996.12,3998.71,3637.0
3998.785,4002.785,3998.735,4002.78,1579.0
4002.75,4003.11,3997.095,3997.58,1737.0
3997.53,4001.24,3997.175,4000.395,2671.0
4000.35,4002.18,3999.36,4001.55,633.0
4001.545,4004.095,4000.575,4002.405,1381.0
4002.305,4002.305,3998.895,4000.24,1741.0
4000.225,4000.235,3995.435,3995.545,1198.0
3995.525,4001.11,3994.485,3999.745,1353.0
3999.69,4002.025,3998.97,4001.165,1128.0
4001.22,4003.705,4000.63,4002.51,1223.0
4002.58,4007.36,4002.12,4004.9,1073.0
4004.915,4006.145,4002.425,4005.59,937.0
4005.545,4010.77,4005.545,4010.255,2401.0
4010.24,4018.05,4010.24,4012.36,3036.0
4012.27,4012.745,4009.04,4010.875,2452.0
4010.83,4010.915,4003.36,4004.505,2287.0
4004.625,4004.895,4000.94,4001.07,1821.0
4001.055,4006.65,4000.06,4005.54,2305.0
4005.6,4007.68,4003.895,4005.58,3886.0
4005.585,4007.645,4003.455,4007.275,3986.0
4007.275,4009.33,4006.86,4008.395,2802.0
4008.405,4013.085,4008.21,4013.045,2024.0
4012.945,4016.32,4012.75,4015.44,3437.0
4015.445,4017.545,4009.57,4011.45,2544.0
4011.415,4013.83,4007.335,4011.075,2478.0
4011.07,4013.135,4009.89,4012.855,3373.0
4012.84,4016.17,4011.17,4015.305,4182.0
4015.31,4017.715,4015.1,4016.225,4052.0
4016.165,4021.61,4015.39,4020.945,5196.0
4020.955,4025.435,4020.44,4024.985,3137.0
4024.975,4025.77,4023.77,4025.07,3844.0
4025.005,4025.93,4023.085,4024.67,5134.0
4024.675,4025.545,4018.655,4021.765,5608.0
4021.77,4022.105,4019.645,4020.16,4222.0
4020.005,4025.725,4019.955,4023.92,5491.0
4023.985,4024.4,4021.43,4024.28,4063.0
4024.285,4025.46,4021.86,4024.635,4926.0
4024.605,4025.615,4021.8,4022.24,4931.0
4022.19,4025.64,4022.19,4023.93,6060.0
4023.805,4025.715,4020.065,4023.355,6028.0
4023.305,4027.105,4022.84,4025.985,1911.0
4026.08,4027.12,4022.235,4023.015,1837.0
4023.095,4025.835,4021.905,4023.505,781.0
4023.24,4023.935,4021.1,4021.125,347.0
4021.285,4022.29,4018.35,4018.825,579.0
4018.775,4020.47,4017.89,4019.095,856.0
4019.175,4020.09,4016.36,4017.23,752.0
4017.03,4019.34,4016.53,4019.22,666.0
4019.325,4020.52,4018.63,4020.245,235.0
4020.185,4025.43,4019.92,4025.33,495.0
4025.32,4027.235,4024.8,4024.81,622.0
4024.815,4026.86,4024.025,4024.525,886.0
4021.47,4021.865,4021.31,4021.36,26.0
4021.35,4021.75,4016.46,4021.225,992.0
4021.505,4023.205,4019.29,4022.29,853.0
4022.325,4022.325,4017.705,4019.115,620.0
4019.09,4020.2,4016.8,4018.105,731.0
4018.085,4022.345,4017.865,4020.905,1026.0
4021.015,4027.365,4021.0,4025.79,1492.0
4025.795,4027.175,4023.02,4023.02,720.0
4023.025,4024.895,4021.58,4024.35,724.0
4024.36,4028.82,4023.34,4028.76,605.0
4028.775,4039.875,4027.57,4039.165,3688.0
4039.13,4046.595,4036.515,4037.725,2708.0
4037.725,4038.585,4030.375,4032.195,2150.0
4032.205,4035.59,4030.305,4033.325,1641.0
4033.33,4033.34,4018.925,4027.585,2797.0
4027.56,4029.065,4023.35,4026.04,1834.0
4026.05,4030.95,4025.32,4030.815,1022.0
4030.985,4032.14,4027.93,4028.135,872.0
4028.205,4035.12,4026.555,4033.81,1631.0
4033.815,4035.235,4031.375,4033.36,996.0
4033.2,4034.37,4031.75,4032.14,647.0
4032.28,4040.97,4032.245,4040.51,1645.0
4040.57,4041.74,4036.815,4040.26,1127.0
4040.15,4043.25,4036.61,4036.635,1509.0
4036.625,4037.06,4031.11,4032.35,2156.0
4032.4,4033.16,4028.93,4031.56,2176.0
4031.5,4034.86,4030.06,4032.04,1757.0
4031.995,4034.245,4030.625,4032.495,1383.0
4032.56,4033.57,4030.425,4032.55,1274.0
4032.605,4033.295,4026.295,4027.525,1016.0
4027.675,4031.05,4026.835,4030.295,1048.0
4030.25,4031.35,4026.23,4026.51,1528.0
4026.45,4028.675,4026.285,4027.79,1587.0
4027.8,4030.755,4025.77,4030.195,1715.0
4030.145,4031.505,4026.885,4027.08,2051.0
4027.13,4028.26,4023.93,4025.01,1893.0
4025.04,4026.405,4019.645,4026.0,4353.0
4025.89,4036.435,4024.655,4034.335,3220.0
4034.27,4039.58,4032.81,4032.815,3493.0
4032.83,4034.625,4029.87,4033.495,4002.0
4033.53,4036.155,4032.965,4033.455,3168.0
4033.425,4034.35,4028.095,4030.755,2062.0
4030.835,4031.0,4027.7,4029.815,2326.0
4029.835,4030.16,4026.345,4028.585,3947.0
4028.555,4029.915,4023.47,4024.03,3292.0
4024.015,4025.515,4022.15,4024.415,2660.0
4024.425,4025.7,4012.755,4016.435,4133.0
4016.4,4021.475,4016.37,4019.0,3480.0
4018.795,4019.405,4013.25,4014.17,3526.0
4014.18,4015.93,4011.045,4012.28,2926.0
4012.31,4018.22,4009.115,4009.91,3850.0
4010.0,4017.595,4008.63,4017.225,3905.0
4017.21,4018.065,4014.545,4014.61,2554.0
4014.605,4015.935,4012.285,4013.485,1414.0
4013.48,4015.065,4007.765,4010.335,3594.0
4010.295,4010.855,4003.775,4009.86,4434.0
4009.885,4009.945,4001.415,4002.995,4111.0
4002.98,4012.245,4002.98,4011.23,3846.0
4011.205,4017.395,4010.375,4010.975,4164.0
4011.01,4011.88,4007.82,4011.145,2695.0
4011.175,4013.895,4004.705,4005.02,3218.0
4005.035,4007.825,4001.455,4007.495,3071.0
4007.495,4009.205,3991.235,3994.305,4545.0
3994.39,3998.565,3993.16,3997.48,1777.0
3997.475,4001.74,3996.94,3998.93,2615.0
3998.89,4000.53,3995.535,4000.53,3346.0
4000.545,4002.28,3998.435,4001.6,1760.0
4001.655,4003.85,4001.45,4003.01,1708.0
4003.025,4003.025,3997.76,3997.945,2216.0
3997.935,3998.19,3993.8,3997.125,2750.0
3997.135,3998.78,3995.97,3996.46,867.0
3996.52,3997.88,3994.52,3996.315,2190.0
3996.33,3997.27,3994.31,3995.435,2760.0
3995.38,3996.16,3989.14,3991.035,3011.0
3991.03,3992.705,3989.065,3991.64,2226.0
3991.615,3995.97,3991.175,3994.895,1549.0
3994.73,3996.445,3993.05,3996.16,1315.0
3996.19,4001.15,3995.28,4001.05,1518.0
4001.095,4006.33,3999.825,4000.71,2310.0
4000.7,4001.22,3998.685,4000.675,2389.0
4000.625,4000.875,3999.075,4000.365,936.0
4000.395,4006.875,4000.035,4005.275,1662.0
4005.28,4010.79,4005.12,4007.19,2338.0
4007.195,4008.18,4004.695,4005.9,2353.0
4005.455,4006.415,4000.625,4000.71,2181.0
4000.72,4001.825,3996.88,3997.26,2589.0
3997.215,3999.28,3996.28,3997.165,2640.0
3997.145,3997.875,3994.81,3997.53,2721.0
3997.42,3997.42,3994.115,3996.08,2288.0
3996.05,4003.4,3995.625,4002.105,2963.0
4001.965,4006.1,3999.975,4001.235,3281.0
4001.265,4002.195,3998.085,3999.765,4203.0
3999.985,4006.935,3999.185,4006.835,3860.0
4006.855,4011.38,4006.145,4007.925,4459.0
4007.875,4009.58,4005.83,4007.66,3709.0
4007.645,4007.965,4003.395,4005.11,4077.0
4005.14,4009.58,4002.17,4009.35,5111.0
4009.335,4013.595,4007.51,4008.91,2955.0
4008.925,4010.88,4007.065,4009.605,3139.0
4009.725,4014.94,4009.03,4012.05,4809.0
4012.06,4012.595,4006.855,4011.7,4071.0
4011.705,4013.215,4008.675,4009.41,3132.0
4009.405,4012.17,4008.44,4009.72,4038.0
4009.77,4012.215,4007.355,4009.48,2519.0
4009.5,4011.68,4007.905,4010.58,2524.0
4010.545,4010.8,4006.875,4007.51,2711.0
4007.495,4009.65,4005.53,4008.33,3497.0
4008.335,4014.715,4006.88,4013.34,2982.0
4013.335,4016.69,4007.78,4015.425,2811.0
4015.52,4016.86,4008.865,4009.03,3593.0
4009.04,4016.01,4007.68,4015.935,2942.0
4015.955,4020.51,4014.965,4017.87,3272.0
4017.925,4023.39,4017.91,4020.755,2814.0
4020.755,4023.74,4018.89,4023.375,2665.0
4023.355,4025.72,4020.815,4021.08,4140.0
4021.06,4021.265,4017.97,4018.495,3434.0
4018.51,4019.45,4011.875,4012.57,2975.0
4012.545,4020.15,4012.33,4018.28,3359.0
4018.29,4018.595,4015.215,4017.605,3200.0
4017.605,4024.115,4017.605,4021.235,3869.0
4021.205,4024.865,4019.08,4023.105,3278.0
4023.155,4026.82,4022.93,4025.975,2776.0
4025.99,4026.53,4023.045,4023.11,2584.0
4023.105,4023.14,4020.56,4022.08,2160.0
4022.055,4024.29,4020.19,4021.3,2813.0
4021.315,4022.955,4018.53,4021.505,2098.0
4021.515,4023.25,4019.05,4019.18,2039.0
4019.2,4022.31,4018.78,4022.3,2013.0
4022.285,4026.05,4019.605,4019.915,2780.0
4019.9,4020.99,4017.465,4020.115,2713.0
4020.095,4020.095,4006.94,4008.05,3835.0
4008.045,4011.42,4007.105,4010.575,4176.0
4010.46,4014.32,4008.54,4012.235,4111.0
4012.24,4013.03,4008.475,4010.185,3497.0
4010.16,4010.39,4006.41,4006.565,2653.0
4006.51,4008.21,4003.625,4003.635,2703.0
4003.715,4004.155,3998.875,4002.77,3822.0
4002.84,4004.99,4001.79,4002.415,1659.0
4002.45,4006.86,3999.905,4006.86,1872.0
4006.83,4007.085,4002.54,4002.94,2623.0
4002.96,4004.815,4002.57,4004.37,2758.0
4004.36,4005.9,4000.58,4001.215,4110.0
4001.2,4003.71,4000.3,4003.365,2649.0
4003.36,4009.765,4003.35,4008.59,2017.0
4008.63,4013.185,4008.315,4012.055,2864.0
4012.08,4016.705,4011.335,4015.825,3437.0
4015.78,4016.84,4014.75,4016.075,2962.0
4016.125,4016.665,4011.515,4013.75,2731.0
4013.765,4015.865,4011.51,4011.75,2079.0
4011.67,4016.235,4010.505,4013.23,2403.0
4013.195,4014.27,4010.635,4011.05,2248.0
4010.985,4011.565,4008.415,4011.075,2216.0
4010.91,4011.235,4008.87,4010.29,1890.0
4010.195,4010.61,4004.77,4006.85,2630.0
4006.855,4007.64,4005.11,4005.74,2412.0
4005.72,4008.545,4003.685,4007.515,4062.0
4007.535,4009.39,4006.615,4008.8,4362.0
4008.745,4009.56,4004.095,4005.385,1928.0
4005.395,4007.91,4004.365,4006.055,1828.0
4006.04,4007.26,4002.91,4004.11,2464.0
4004.235,4004.68,4001.745,4004.515,3085.0
4004.59,4008.03,4004.54,4005.475,2119.0
4005.51,4007.0,4003.155,4003.455,1936.0
4003.475,4007.31,4002.105,4006.95,1700.0
4006.985,4008.845,4005.95,4008.77,1005.0
4008.84,4010.33,4006.37,4006.94,2208.0
4006.955,4011.295,4006.525,4008.86,1512.0
4008.83,4010.715,4007.87,4010.595,1631.0
4010.66,4011.09,4009.19,4010.88,2820.0
4010.815,4011.53,4009.985,4010.61,1783.0
4010.56,4013.37,4010.24,4012.565,2420.0
4012.58,4014.265,4011.785,4013.025,2752.0
4012.96,4024.91,4012.425,4024.515,5818.0
4024.665,4025.165,4019.465,4019.465,3154.0
4019.475,4020.01,4016.565,4018.115,2773.0
4018.05,4027.16,4016.885,4026.175,6853.0
4026.255,4033.21,4025.22,4029.59,5431.0
4029.605,4036.435,4028.415,4032.09,3567.0
4032.095,4032.765,4024.99,4026.03,4591.0
4025.925,4025.925,4020.815,4023.06,5164.0
4023.05,4027.395,4020.455,4027.03,5346.0
4027.045,4029.8,4023.7,4029.455,5508.0
4029.435,4035.725,4029.19,4031.31,6869.0
4031.315,4032.185,4028.695,4029.24,4052.0
4029.155,4031.57,4026.63,4031.22,4105.0
4031.19,4031.6,4025.655,4026.79,5162.0
4026.735,4028.985,4019.51,4022.04,9540.0
4022.105,4024.425,4016.335,4019.69,6844.0
4019.735,4020.725,4013.235,4016.065,4333.0
4015.985,4022.85,4015.805,4019.3,5606.0
4019.37,4020.535,4010.28,4014.45,7895.0
4014.445,4018.645,4011.83,4016.73,7413.0
4016.735,4027.125,4016.495,4025.77,6912.0
4025.78,4027.32,4020.975,4021.28,6547.0
4021.275,4025.35,4018.525,4019.94,6086.0
4019.925,4025.39,4018.875,4025.325,5115.0
4025.35,4025.915,4018.91,4024.1,4962.0
4024.015,4024.175,4014.795,4015.465,5317.0
4015.4,4021.72,4012.915,4020.49,7149.0
4020.495,4021.495,4013.995,4016.095,5633.0
4016.1,4017.97,4014.355,4017.02,4752.0
4017.065,4017.215,4011.93,4014.475,5701.0
4014.47,4019.74,4011.06,4019.525,6661.0
4019.51,4022.635,4018.005,4020.7,4902.0
4020.665,4020.985,4009.635,4014.15,4919.0
4014.07,4015.465,4009.845,4012.99,5098.0
4013.02,4017.325,4010.345,4017.12,4089.0
4017.14,4019.625,4014.84,4016.135,5112.0
4016.18,4018.415,4015.08,4018.325,4209.0
4018.24,4019.145,4015.07,4018.065,4714.0
4018.105,4021.73,4016.195,4021.535,5720.0
4021.545,4023.04,4019.185,4020.095,5573.0
4020.085,4022.66,4017.645,4021.07,7377.0
4021.085,4021.765,4013.48,4016.98,6220.0
4017.06,4022.51,4015.945,4021.19,6431.0
4021.21,4021.465,4011.56,4012.6,4028.0
4012.55,4015.3,4005.015,4005.835,5867.0
4005.87,4007.305,3997.44,3998.725,5948.0
3998.675,3999.205,3978.35,3979.21,6316.0
3979.36,3982.675,3972.285,3978.555,10388.0
3978.57,3986.87,3977.65,3985.855,6005.0
3985.91,3990.465,3981.545,3986.11,5621.0
3986.08,3990.5,3985.45,3986.83,4581.0
3986.845,3989.93,3984.11,3987.89,4185.0
3987.87,3989.215,3981.85,3984.6,5039.0
3984.565,3986.6,3983.335,3986.27,3952.0
3986.275,3986.975,3980.755,3980.785,5068.0
3980.76,3983.27,3978.76,3980.72,5417.0
3980.735,3990.945,3980.64,3988.405,3993.0
3988.375,3990.005,3984.825,3986.17,4040.0
3986.17,3986.685,3981.73,3983.03,3223.0
3983.025,3986.3,3981.335,3983.125,3384.0
3983.15,3986.985,3982.65,3986.05,2864.0
3986.015,3987.94,3984.02,3984.74,5207.0
3984.72,3988.72,3980.575,3986.355,3339.0
3986.35,3989.925,3984.59,3989.33,5007.0
3989.295,3999.615,3988.335,3998.63,3678.0
3998.65,4003.835,3996.65,4000.98,4301.0
4000.99,4001.49,3997.935,3998.525,3931.0
3998.51,3999.91,3997.2,3997.635,3333.0
3997.625,3999.63,3995.505,3997.605,3043.0
3997.64,4001.305,3997.615,3999.545,1410.0
3999.495,4007.57,3999.1,4006.95,2020.0
4006.935,4009.805,4005.375,4009.09,2404.0
4009.04,4009.915,4007.1,4009.19,1732.0
4009.29,4010.08,4007.81,4008.51,1749.0
4008.52,4009.085,4004.275,4006.02,2363.0
4006.09,4007.21,4004.42,4005.06,1058.0
4004.99,4005.325,4002.75,4004.0,986.0
4003.95,4006.225,4002.8,4003.12,1446.0
4003.035,4003.705,3999.535,4000.195,2117.0
4000.23,4001.825,3999.485,3999.92,2172.0
3999.93,4004.41,3998.96,4001.91,2641.0
4002.04,4005.475,4001.355,4003.93,2064.0
4003.955,4004.775,3999.895,4000.23,1761.0
4000.23,4000.635,3991.42,3992.04,3384.0
3992.015,3995.04,3991.205,3994.165,2485.0
3994.18,4002.29,3993.685,4001.635,1523.0
4001.72,4001.775,3997.245,3998.085,2240.0
3998.07,3998.3,3994.845,3996.225,1599.0
3996.285,3999.36,3996.285,3999.345,1556.0
3999.34,4001.215,3997.765,3998.4,3550.0
3998.44,4000.06,3996.15,3996.99,2151.0
3996.975,4002.3,3996.575,4001.43,2620.0
4001.405,4001.54,3997.5,3998.9,658.0
3999.045,3999.07,3997.88,3998.26,271.0
3998.31,3999.36,3996.28,3998.62,291.0
3998.74,3999.53,3997.28,3997.94,286.0
3997.995,3999.63,3997.58,3999.27,159.0
3999.56,4002.44,3998.59,4002.025,330.0
4001.94,4005.4,4001.66,4003.1,413.0
4003.16,4006.23,4003.125,4006.23,530.0
4006.225,4006.74,4003.295,4003.895,952.0
4003.95,4004.66,4002.295,4003.195,1047.0
4003.19,4004.99,4002.245,4003.56,928.0
4003.26,4004.38,4001.68,4002.81,510.0
